Date;Open;High;Low;Close;Volume;Dividends;Stock Splits
2023-01-03 00:00:00-05:00;8.187.999.725.341.790;8.198.999.786.376.950;7.923.999.786.376.950;819.000.015.258.789;1286800;00.00;00.00
2023-01-04 00:00:00-05:00;83.00.00;8.337.000.274.658.200;8.087.000.274.658.200;8.133.000.183.105.460;1842900;00.00;00.00
2023-01-05 00:00:00-05:00;8.061.000.061.035.150;8.261.000.061.035.150;7.913.999.938.964.840;8.158.000.183.105.460;1557100;00.00;00.00
2023-01-06 00:00:00-05:00;826.500.015.258.789;84.25.00;798.499.984.741.211;8.354.000.091.552.730;1185100;00.00;00.00
2023-01-09 00:00:00-05:00;8.444.999.694.824.210;8.631.999.969.482.420;8.377.200.317.382.810;8.504.000.091.552.730;1376800;00.00;00.00
2023-01-10 00:00:00-05:00;8.486.000.061.035.150;91.00.00;8.469.000.244.140.620;9.079.000.091.552.730;2044800;00.00;00.00
2023-01-11 00:00:00-05:00;9.131.999.969.482.420;9.327.999.877.929.680;9.008.000.183.105.460;91.75;1631000;00.00;00.00
2023-01-12 00:00:00-05:00;8.913.999.938.964.840;9.166.999.816.894.530;8.841.000.366.210.930;9.119.999.694.824.210;1774400;00.00;00.00
2023-01-13 00:00:00-05:00;9.068.000.030.517.570;9.208.000.183.105.460;9.035.600.280.761.710;9.205.999.755.859.370;2135100;00.00;00.00
2023-01-17 00:00:00-05:00;9.208.000.183.105.460;927.300.033.569.336;9.058.999.633.789.060;91.75;1752100;00.00;00.00
2023-01-18 00:00:00-05:00;927.300.033.569.336;9.355.999.755.859.370;9.094.000.244.140.620;927.300.033.569.336;2235400;00.00;00.00
2023-01-19 00:00:00-05:00;9.137.000.274.658.200;945.199.966.430.664;911.449.966.430.664;9.358.000.183.105.460;2280800;00.00;00.00
2023-01-20 00:00:00-05:00;960.999.984.741.211;9.827.999.877.929.680;9.561.000.061.035.150;9.791.000.366.210.930;2761300;00.00;00.00
2023-01-23 00:00:00-05:00;10.238.999.938.964.800;104.00.00;9.937.999.725.341.790;9.994.000.244.140.620;4690800;00.00;00.00
2023-01-24 00:00:00-05:00;99.00.00;10.051.000.213.623.000;9.794.999.694.824.210;9.929.000.091.552.730;1482200;00.00;00.00
2023-01-25 00:00:00-05:00;9.718.000.030.517.570;10.005.999.755.859.300;943.499.984.741.211;10.002.999.877.929.600;2180400;00.00;00.00
2023-01-26 00:00:00-05:00;10.129.000.091.552.700;10.216.999.816.894.500;9.969.000.244.140.620;10.130.000.305.175.700;1505300;00.00;00.00
2023-01-27 00:00:00-05:00;1.005.199.966.430.660;10.330.999.755.859.300;10.031.999.969.482.400;10.223.999.786.376.900;1753800;00.00;00.00
2023-01-30 00:00:00-05:00;10.106.999.969.482.400;10.243.000.030.517.500;9.980.000.305.175.780;100.00.00;2322800;00.00;00.00
2023-01-31 00:00:00-05:00;10.937.000.274.658.200;11.330.000.305.175.700;10.630.999.755.859.300;11.272.000.122.070.300;9597000;00.00;00.00
2023-02-01 00:00:00-05:00;11.337.000.274.658.200;1.195.999.984.741.210;11.162.999.725.341.700;11.813.999.938.964.800;4556500;00.00;00.00
2023-02-02 00:00:00-05:00;12.077.999.877.929.600;1.239.800.033.569.330;1.188.499.984.741.210;12.256.999.969.482.400;5198400;00.00;00.00
2023-02-03 00:00:00-05:00;11.808.000.183.105.400;12.381.999.969.482.400;1.180.009.994.506.830;12.116.999.816.894.500;2553300;00.00;00.00
2023-02-06 00:00:00-05:00;123.05.00;12.562.999.725.341.700;12.137.000.274.658.200;12.291.999.816.894.500;3348300;00.00;00.00
2023-02-07 00:00:00-05:00;1.217.699.966.430.660;12.604.000.091.552.700;12.136.000.061.035.100;12.537.999.725.341.700;2884800;00.00;00.00
2023-02-08 00:00:00-05:00;1.244.000.015.258.780;1.252.699.966.430.660;12.286.000.061.035.100;12.368.000.030.517.500;1494800;00.00;00.00
2023-02-09 00:00:00-05:00;12.580.000.305.175.700;12.666.000.366.210.900;12.012.000.274.658.200;12.083.000.183.105.400;1433600;00.00;00.00
2023-02-10 00:00:00-05:00;125.00.00;12.779.000.091.552.700;12.412.000.274.658.200;12.516.000.366.210.900;3801200;00.00;00.00
2023-02-13 00:00:00-05:00;12.587.000.274.658.200;12.644.000.244.140.600;12.230.000.305.175.700;12.231.999.969.482.400;1958500;00.00;00.00
2023-02-14 00:00:00-05:00;1.215.199.966.430.660;12.626.000.213.623.000;12.031.999.969.482.400;1.260.999.984.741.210;1435100;00.00;00.00
2023-02-15 00:00:00-05:00;12.537.000.274.658.200;12.867.999.267.578.100;12.488.999.938.964.800;12.827.000.427.246.000;1720300;00.00;00.00
2023-02-16 00:00:00-05:00;12.573.999.786.376.900;12.897.999.572.753.900;12.547.000.122.070.300;12.556.999.969.482.400;1639600;00.00;00.00
2023-02-17 00:00:00-05:00;12.393.000.030.517.500;12.556.999.969.482.400;12.248.999.786.376.900;12.533.000.183.105.400;1438700;00.00;00.00
2023-02-21 00:00:00-05:00;12.111.000.061.035.100;12.377.999.877.929.600;11.926.000.213.623.000;1.203.499.984.741.210;1731500;00.00;00.00
2023-02-22 00:00:00-05:00;120.25.00;12.091.999.816.894.500;11.819.000.244.140.600;12.006.999.969.482.400;1919300;00.00;00.00
2023-02-23 00:00:00-05:00;12.105.000.305.175.700;12.169.999.694.824.200;116.05.00;11.886.000.061.035.100;1356600;00.00;00.00
2023-02-24 00:00:00-05:00;11.644.000.244.140.600;11.741.000.366.210.900;1.149.000.015.258.780;11.713.999.938.964.800;1612200;00.00;00.00
2023-02-27 00:00:00-05:00;11.776.000.213.623.000;118.05.00;1.154.800.033.569.330;11.683.999.633.789.000;1593700;00.00;00.00
2023-02-28 00:00:00-05:00;1.164.800.033.569.330;11.938.999.938.964.800;11.621.800.231.933.500;11.630.000.305.175.700;1198600;00.00;00.00
2023-03-01 00:00:00-05:00;11.791.999.816.894.500;1.182.249.984.741.210;11.591.000.366.210.900;11.719.999.694.824.200;1314500;00.00;00.00
2023-03-02 00:00:00-05:00;11.505.999.755.859.300;11.901.000.213.623.000;11.463.999.938.964.800;1.184.800.033.569.330;870000;00.00;00.00
2023-03-03 00:00:00-05:00;1.195.999.984.741.210;1.239.000.015.258.780;11.954.000.091.552.700;12.373.999.786.376.900;1779500;00.00;00.00
2023-03-06 00:00:00-05:00;12.404.000.091.552.700;12.832.000.732.421.800;12.404.000.091.552.700;12.637.999.725.341.700;2092500;00.00;00.00
2023-03-07 00:00:00-05:00;12.711.000.061.035.100;12.960.000.610.351.500;12.506.999.969.482.400;12.633.000.183.105.400;2110300;00.00;00.00
2023-03-08 00:00:00-05:00;126.00.00;12.763.999.938.964.800;12.474.500.274.658.200;12.698.999.786.376.900;1272700;00.00;00.00
2023-03-09 00:00:00-05:00;127.00.00;1.313.260.040.283.200;1.235.999.984.741.210;12.393.000.030.517.500;2346000;00.00;00.00
2023-03-10 00:00:00-05:00;12.368.000.030.517.500;12.369.999.694.824.200;11.980.999.755.859.300;12.166.000.366.210.900;1571000;00.00;00.00
2023-03-13 00:00:00-04:00;12.019.999.694.824.200;12.505.000.305.175.700;11.854.499.816.894.500;12.338.999.938.964.800;1569400;00.00;00.00
2023-03-14 00:00:00-04:00;12.512.000.274.658.200;12.758.000.183.105.400;12.444.000.244.140.600;12.554.000.091.552.700;1638800;00.00;00.00
2023-03-15 00:00:00-04:00;12.341.000.366.210.900;12.587.999.725.341.700;12.147.000.122.070.300;1.256.500.015.258.780;1653500;00.00;00.00
2023-03-16 00:00:00-04:00;12.566.000.366.210.900;1.300.800.018.310.540;12.423.500.061.035.100;1.292.100.067.138.670;1407200;00.00;00.00
2023-03-17 00:00:00-04:00;128.75;12.969.000.244.140.600;12.623.500.061.035.100;12.708.999.633.789.000;1665300;00.00;00.00
2023-03-20 00:00:00-04:00;12.533.999.633.789.000;12.744.999.694.824.200;12.456.999.969.482.400;12.641.000.366.210.900;1525900;00.00;00.00
2023-03-21 00:00:00-04:00;127.05.00;1.296.199.951.171.870;12.671.499.633.789.000;12.880.999.755.859.300;1475000;00.00;00.00
2023-03-22 00:00:00-04:00;13.227.999.877.929.600;13.330.999.755.859.300;1.279.020.004.272.460;1.281.999.969.482.420;1793800;00.00;00.00
2023-03-23 00:00:00-04:00;129.00.00;1.335.050.048.828.120;12.877.999.877.929.600;1.310.500.030.517.570;1146200;00.00;00.00
2023-03-24 00:00:00-04:00;13.019.000.244.140.600;13.055.999.755.859.300;12.712.999.725.341.700;1.283.000.030.517.570;1452000;00.00;00.00
2023-03-27 00:00:00-04:00;128.75;13.177.000.427.246.000;1.283.800.048.828.120;12.947.999.572.753.900;1670200;00.00;00.00
2023-03-28 00:00:00-04:00;1.286.300.048.828.120;12.894.500.732.421.800;12.683.000.183.105.400;1.281.199.951.171.870;1148700;00.00;00.00
2023-03-29 00:00:00-04:00;12.958.999.633.789.000;130.25.00;12.857.000.732.421.800;1.298.699.951.171.870;803600;00.00;00.00
2023-03-30 00:00:00-04:00;13.089.999.389.648.400;1.316.199.951.171.870;12.986.000.061.035.100;1.308.300.018.310.540;842300;00.00;00.00
2023-03-31 00:00:00-04:00;13.097.000.122.070.300;13.436.000.061.035.100;13.052.000.427.246.000;1.336.199.951.171.870;1572400;00.00;00.00
2023-04-03 00:00:00-04:00;1.323.699.951.171.870;13.672.500.610.351.500;13.177.000.427.246.000;13.644.000.244.140.600;1265900;00.00;00.00
2023-04-04 00:00:00-04:00;13.599.000.549.316.400;13.666.000.366.210.900;13.367.999.267.578.100;1.348.800.048.828.120;1000200;00.00;00.00
2023-04-05 00:00:00-04:00;13.399.000.549.316.400;13.422.999.572.753.900;1.303.000.030.517.570;131.25.00;1046800;00.00;00.00
2023-04-06 00:00:00-04:00;1.300.800.018.310.540;1.332.899.932.861.320;12.907.000.732.421.800;13.247.999.572.753.900;778800;00.00;00.00
2023-04-10 00:00:00-04:00;13.008.999.633.789.000;13.274.000.549.316.400;1.290.500.030.517.570;132.25.00;782400;00.00;00.00
2023-04-11 00:00:00-04:00;13.336.000.061.035.100;13.488.999.938.964.800;13.086.000.061.035.100;13.127.999.877.929.600;912100;00.00;00.00
2023-04-12 00:00:00-04:00;13.308.999.633.789.000;13.428.500.366.210.900;13.044.000.244.140.600;1.309.199.981.689.450;1117000;00.00;00.00
2023-04-13 00:00:00-04:00;13.239.999.389.648.400;1.351.300.048.828.120;1.322.100.067.138.670;1.349.600.067.138.670;1120600;00.00;00.00
2023-04-14 00:00:00-04:00;13.402.999.877.929.600;13.582.000.732.421.800;13.277.000.427.246.000;13.474.000.549.316.400;978800;00.00;00.00
2023-04-17 00:00:00-04:00;13.407.000.732.421.800;134.375;1.314.600.067.138.670;13.377.999.877.929.600;1076700;00.00;00.00
2023-04-18 00:00:00-04:00;13.616.000.366.210.900;13.628.799.438.476.500;13.356.500.244.140.600;13.457.000.732.421.800;1052200;00.00;00.00
2023-04-19 00:00:00-04:00;13.261.000.061.035.100;1.353.800.048.828.120;13.172.999.572.753.900;13.355.999.755.859.300;1015200;00.00;00.00
2023-04-20 00:00:00-04:00;13.224.000.549.316.400;13.477.000.427.246.000;13.224.000.549.316.400;1.333.300.018.310.540;778400;00.00;00.00
2023-04-21 00:00:00-04:00;1.341.199.951.171.870;1.341.199.951.171.870;13.155.999.755.859.300;13.375.999.450.683.500;1362000;00.00;00.00
2023-04-24 00:00:00-04:00;13.310.000.610.351.500;134.218.994.140.625;1.302.050.018.310.540;1.314.499.969.482.420;2942300;00.00;00.00
2023-04-25 00:00:00-04:00;140.05.00;1.458.800.048.828.120;1.367.100.067.138.670;1.381.999.969.482.420;8215900;00.00;00.00
2023-04-26 00:00:00-04:00;13.852.999.877.929.600;14.008.999.633.789.000;13.302.999.877.929.600;1.331.199.951.171.870;2519200;00.00;00.00
2023-04-27 00:00:00-04:00;1.339.600.067.138.670;1.340.749.969.482.420;13.089.999.389.648.400;1.321.699.981.689.450;1991400;00.00;00.00
2023-04-28 00:00:00-04:00;1.310.399.932.861.320;13.360.000.610.351.500;1.286.699.981.689.450;13.360.000.610.351.500;1643900;00.00;00.00
2023-05-01 00:00:00-04:00;134.00.00;138.05.00;1.338.800.048.828.120;13.842.999.267.578.100;1530800;00.00;00.00
2023-05-02 00:00:00-04:00;13.802.000.427.246.000;13.816.000.366.210.900;1.350.399.932.861.320;13.638.999.938.964.800;1389900;00.00;00.00
2023-05-03 00:00:00-04:00;13.591.000.366.210.900;14.099.000.549.316.400;13.591.000.366.210.900;13.805.999.755.859.300;1670100;00.00;00.00
2023-05-04 00:00:00-04:00;13.747.999.572.753.900;1.409.499.969.482.420;13.658.999.633.789.000;14.047.999.572.753.900;1607900;00.00;00.00
2023-05-05 00:00:00-04:00;14.132.000.732.421.800;14.238.999.938.964.800;1.392.899.932.861.320;141.75;1234200;00.00;00.00
2023-05-08 00:00:00-04:00;1.419.600.067.138.670;146.00.00;1.419.600.067.138.670;14.452.999.877.929.600;1851000;00.00;00.00
2023-05-09 00:00:00-04:00;1.435.800.018.310.540;14.483.999.633.789.000;1.429.199.981.689.450;1.436.999.969.482.420;1373900;00.00;00.00
2023-05-10 00:00:00-04:00;145.00.00;14.799.000.549.316.400;14.357.000.732.421.800;14.774.000.549.316.400;1715000;00.00;00.00
2023-05-11 00:00:00-04:00;14.816.000.366.210.900;1.496.199.951.171.870;14.661.700.439.453.100;14.705.999.755.859.300;1319500;00.00;00.00
2023-05-12 00:00:00-04:00;1.466.999.969.482.420;1.470.800.018.310.540;1.411.199.951.171.870;14.252.999.877.929.600;1687000;00.00;00.00
2023-05-15 00:00:00-04:00;1.418.699.951.171.870;1.443.000.030.517.570;14.110.000.610.351.500;14.422.000.122.070.300;1502500;00.00;00.00
2023-05-16 00:00:00-04:00;14.422.000.122.070.300;14.683.999.633.789.000;1.430.399.932.861.320;14.632.000.732.421.800;1354500;00.00;00.00
2023-05-17 00:00:00-04:00;1.467.899.932.861.320;1.475.500.030.517.570;1.454.499.969.482.420;146.00.00;1226200;00.00;00.00
2023-05-18 00:00:00-04:00;1.454.600.067.138.670;15.207.000.732.421.800;14.475.999.450.683.500;15.147.999.572.753.900;1667100;00.00;00.00
2023-05-19 00:00:00-04:00;1.512.100.067.138.670;1.523.000.030.517.570;1.484.499.969.482.420;14.942.999.267.578.100;1221500;00.00;00.00
2023-05-22 00:00:00-04:00;14.864.999.389.648.400;15.082.000.732.421.800;1.482.100.067.138.670;14.860.000.610.351.500;973200;00.00;00.00
2023-05-23 00:00:00-04:00;14.816.000.366.210.900;15.116.000.366.210.900;14.747.999.572.753.900;1.476.699.981.689.450;1445600;00.00;00.00
2023-05-24 00:00:00-04:00;1.456.999.969.482.420;14.853.500.366.210.900;14.480.999.755.859.300;1.470.399.932.861.320;1085500;00.00;00.00
2023-05-25 00:00:00-04:00;14.935.000.610.351.500;14.985.000.610.351.500;1.475.399.932.861.320;14.764.999.389.648.400;1107400;00.00;00.00
2023-05-26 00:00:00-04:00;148.00.00;15.100.999.450.683.500;14.682.000.732.421.800;15.030.999.755.859.300;1009900;00.00;00.00
2023-05-30 00:00:00-04:00;15.185.000.610.351.500;15.185.000.610.351.500;14.457.000.732.421.800;14.800.999.450.683.500;2294300;00.00;00.00
2023-05-31 00:00:00-04:00;1.460.800.018.310.540;1.499.499.969.482.420;14.539.999.389.648.400;14.889.999.389.648.400;1092100;00.00;00.00
2023-06-01 00:00:00-04:00;1.501.999.969.482.420;15.460.000.610.351.500;14.907.000.732.421.800;1.539.199.981.689.450;1121200;00.00;00.00
2023-06-02 00:00:00-04:00;1.543.000.030.517.570;155.00.00;14.877.000.427.246.000;15.174.000.549.316.400;1163900;00.00;00.00
2023-06-05 00:00:00-04:00;15.110.000.610.351.500;1.571.300.048.828.120;150.25.00;15.633.999.633.789.000;1837600;00.00;00.00
2023-06-06 00:00:00-04:00;15.410.000.610.351.500;1.548.699.951.171.870;15.246.499.633.789.000;15.302.999.877.929.600;1127700;00.00;00.00
2023-06-07 00:00:00-04:00;153.00.00;15.567.999.267.578.100;1.475.399.932.861.320;14.830.999.755.859.300;1558000;00.00;00.00
2023-06-08 00:00:00-04:00;15.027.000.427.246.000;15.169.000.244.140.600;14.847.000.122.070.300;14.947.000.122.070.300;1218800;00.00;00.00
2023-06-09 00:00:00-04:00;149.05.00;15.172.999.572.753.900;14.836.000.061.035.100;15.047.999.572.753.900;2033100;00.00;00.00
2023-06-12 00:00:00-04:00;15.088.999.938.964.800;1.513.699.951.171.870;1.491.199.951.171.870;15.060.000.610.351.500;1521500;00.00;00.00
2023-06-13 00:00:00-04:00;15.152.999.877.929.600;15.274.000.549.316.400;1.493.699.951.171.870;1.515.399.932.861.320;1917600;00.00;00.00
2023-06-14 00:00:00-04:00;1.519.600.067.138.670;1.530.800.018.310.540;14.926.499.938.964.800;15.164.999.389.648.400;1750700;00.00;00.00
2023-06-15 00:00:00-04:00;1.500.800.018.310.540;15.224.000.549.316.400;1.481.999.969.482.420;15.217.999.267.578.100;1374500;00.00;00.00
2023-06-16 00:00:00-04:00;15.330.999.755.859.300;1.606.300.048.828.120;1.531.999.969.482.420;15.999.000.549.316.400;3532900;00.00;00.00
2023-06-20 00:00:00-04:00;1.561.999.969.482.420;15.877.999.877.929.600;15.482.000.732.421.800;15.682.000.732.421.800;1585600;00.00;00.00
2023-06-21 00:00:00-04:00;1.593.000.030.517.570;1.608.000.030.517.570;1.528.000.030.517.570;15.592.999.267.578.100;2620500;00.00;00.00
2023-06-22 00:00:00-04:00;1.544.499.969.482.420;1.591.699.981.689.450;153.05.00;15.908.999.633.789.000;1280500;00.00;00.00
2023-06-23 00:00:00-04:00;1.570.500.030.517.570;15.830.999.755.859.300;15.464.999.389.648.400;15.749.000.549.316.400;1263800;00.00;00.00
2023-06-26 00:00:00-04:00;15.641.000.366.210.900;1.582.100.067.138.670;1.527.100.067.138.670;15.377.999.877.929.600;1720200;00.00;00.00
2023-06-27 00:00:00-04:00;15.613.999.938.964.800;159.75;15.557.000.732.421.800;1.586.199.951.171.870;1041900;00.00;00.00
2023-06-28 00:00:00-04:00;15.832.000.732.421.800;16.166.000.366.210.900;15.747.999.572.753.900;16.057.000.732.421.800;805600;00.00;00.00
2023-06-29 00:00:00-04:00;16.052.999.877.929.600;16.121.499.633.789.000;15.888.999.938.964.800;15.925.999.450.683.500;924800;00.00;00.00
2023-06-30 00:00:00-04:00;16.010.000.610.351.500;16.130.999.755.859.300;15.905.499.267.578.100;1.605.500.030.517.570;1357600;00.00;00.00
2023-07-03 00:00:00-04:00;16.085.000.610.351.500;1.623.699.951.171.870;1.598.000.030.517.570;16.055.999.755.859.300;550300;00.00;00.00
2023-07-05 00:00:00-04:00;16.069.000.244.140.600;1.612.100.067.138.670;1.582.899.932.861.320;16.072.999.572.753.900;732000;00.00;00.00
2023-07-06 00:00:00-04:00;15.877.999.877.929.600;1.590.800.018.310.540;1.553.699.951.171.870;1.566.199.951.171.870;1021700;00.00;00.00
2023-07-07 00:00:00-04:00;15.652.000.427.246.000;15.863.999.938.964.800;15.605.999.755.859.300;15.697.000.122.070.300;800800;00.00;00.00
2023-07-10 00:00:00-04:00;15.602.999.877.929.600;15.928.500.366.210.900;1.553.719.940.185.540;15.738.999.938.964.800;846700;00.00;00.00
2023-07-11 00:00:00-04:00;15.733.999.633.789.000;16.177.000.427.246.000;15.666.000.366.210.900;1.605.800.018.310.540;1160600;00.00;00.00
2023-07-12 00:00:00-04:00;162.00.00;1.661.199.951.171.870;161.375;1.657.899.932.861.320;1540500;00.00;00.00
2023-07-13 00:00:00-04:00;167.00.00;17.311.000.061.035.100;16.450.999.450.683.500;17.110.000.610.351.500;2410800;00.00;00.00
2023-07-14 00:00:00-04:00;1.761.999.969.482.420;17.924.000.549.316.400;1.709.199.981.689.450;17.202.999.877.929.600;3640400;00.00;00.00
2023-07-17 00:00:00-04:00;17.177.000.427.246.000;1.794.199.981.689.450;17.077.000.427.246.000;1.791.699.981.689.450;2293000;00.00;00.00
2023-07-18 00:00:00-04:00;178.05.00;17.981.500.244.140.600;1.757.899.932.861.320;1.795.800.018.310.540;2151500;00.00;00.00
2023-07-19 00:00:00-04:00;180.00.00;182.00.00;17.805.999.755.859.300;17.983.999.633.789.000;1599500;00.00;00.00
2023-07-20 00:00:00-04:00;17.700.999.450.683.500;17.758.999.633.789.000;17.144.000.244.140.600;17.247.999.572.753.900;1918500;00.00;00.00
2023-07-21 00:00:00-04:00;17.349.000.549.316.400;17.960.000.610.351.500;17.117.999.267.578.100;1.717.100.067.138.670;2560200;00.00;00.00
2023-07-24 00:00:00-04:00;16.952.000.427.246.000;16.952.000.427.246.000;1.596.699.981.689.450;16.372.000.122.070.300;3944900;00.00;00.00
2023-07-25 00:00:00-04:00;15.010.000.610.351.500;15.264.999.389.648.400;1.391.529.998.779.290;1.403.800.048.828.120;14609900;00.00;00.00
2023-07-26 00:00:00-04:00;14.169.000.244.140.600;1.492.100.067.138.670;14.110.000.610.351.500;1.491.300.048.828.120;7091400;00.00;00.00
2023-07-27 00:00:00-04:00;15.147.000.122.070.300;1.518.000.030.517.570;14.288.499.450.683.500;14.452.000.427.246.000;5155100;00.00;00.00
2023-07-28 00:00:00-04:00;1.460.500.030.517.570;1.493.300.018.310.540;1.426.300.048.828.120;14.860.000.610.351.500;2965600;00.00;00.00
2023-07-31 00:00:00-04:00;1.496.999.969.482.420;15.130.999.755.859.300;14.808.999.633.789.000;14.941.000.366.210.900;1873700;00.00;00.00
2023-08-01 00:00:00-04:00;14.861.000.061.035.100;1.528.000.030.517.570;1.480.500.030.517.570;15.083.999.633.789.000;1684500;00.00;00.00
2023-08-02 00:00:00-04:00;1.492.100.067.138.670;15.019.000.244.140.600;14.383.999.633.789.000;14.650.999.450.683.500;2163900;00.00;00.00
2023-08-03 00:00:00-04:00;14.457.000.732.421.800;1.474.199.981.689.450;14.374.000.549.316.400;1.454.199.981.689.450;1682100;00.00;00.00
2023-08-04 00:00:00-04:00;14.527.000.427.246.000;146.05.00;1.430.399.932.861.320;1.441.199.951.171.870;1456700;00.00;00.00
2023-08-07 00:00:00-04:00;14.510.000.610.351.500;14.510.000.610.351.500;14.110.000.610.351.500;14.199.000.549.316.400;1646200;00.00;00.00
2023-08-08 00:00:00-04:00;14.113.999.938.964.800;1.414.199.981.689.450;13.722.000.122.070.300;1.383.699.951.171.870;2483900;00.00;00.00
2023-08-09 00:00:00-04:00;13.847.000.122.070.300;14.017.999.267.578.100;1.374.199.981.689.450;13.908.999.633.789.000;1671100;00.00;00.00
2023-08-10 00:00:00-04:00;14.033.999.633.789.000;14.069.900.512.695.300;13.522.000.122.070.300;13.642.999.267.578.100;2643600;00.00;00.00
2023-08-11 00:00:00-04:00;13.638.999.938.964.800;13.919.500.732.421.800;13.589.500.427.246.000;13.867.999.267.578.100;1578500;00.00;00.00
2023-08-14 00:00:00-04:00;1.373.000.030.517.570;1.396.649.932.861.320;13.533.999.633.789.000;1.393.800.048.828.120;1942900;00.00;00.00
2023-08-15 00:00:00-04:00;1.383.800.048.828.120;1.385.800.018.310.540;13.327.000.427.246.000;13.342.999.267.578.100;2125300;00.00;00.00
2023-08-16 00:00:00-04:00;13.260.000.610.351.500;13.613.999.938.964.800;13.227.999.877.929.600;13.435.000.610.351.500;1584900;00.00;00.00
2023-08-17 00:00:00-04:00;13.435.000.610.351.500;13.485.400.390.625;13.119.000.244.140.600;13.157.000.732.421.800;1129300;00.00;00.00
2023-08-18 00:00:00-04:00;12.989.999.389.648.400;13.247.500.610.351.500;12.922.999.572.753.900;1.318.699.951.171.870;1587300;00.00;00.00
2023-08-21 00:00:00-04:00;1.319.199.981.689.450;13.297.000.122.070.300;130.00.00;13.249.000.549.316.400;1234700;00.00;00.00
2023-08-22 00:00:00-04:00;133.00.00;13.402.999.877.929.600;1.310.449.981.689.450;13.344.000.244.140.600;871000;00.00;00.00
2023-08-23 00:00:00-04:00;13.322.000.122.070.300;13.900.999.450.683.500;13.311.000.061.035.100;13.824.000.549.316.400;1629300;00.00;00.00
2023-08-24 00:00:00-04:00;13.917.999.267.578.100;14.032.000.732.421.800;13.525.999.450.683.500;13.575.999.450.683.500;1415800;00.00;00.00
2023-08-25 00:00:00-04:00;13.880.999.755.859.300;13.880.999.755.859.300;13.369.000.244.140.600;13.722.000.122.070.300;1360400;00.00;00.00
2023-08-28 00:00:00-04:00;13.888.999.938.964.800;14.214.999.389.648.400;13.825.999.450.683.500;14.125.999.450.683.500;1530400;00.00;00.00
2023-08-29 00:00:00-04:00;14.061.000.061.035.100;1.448.000.030.517.570;140.05.00;14.450.999.450.683.500;1045700;00.00;00.00
2023-08-30 00:00:00-04:00;14.463.999.938.964.800;14.960.000.610.351.500;14.439.500.427.246.000;1.494.499.969.482.420;1624600;00.00;00.00
2023-08-31 00:00:00-04:00;1.499.499.969.482.420;1.549.199.981.689.450;14.982.000.732.421.800;15.397.000.122.070.300;2305400;00.00;00.00
2023-09-01 00:00:00-04:00;15.555.999.755.859.300;15.850.999.450.683.500;1.551.999.969.482.420;15.755.999.755.859.300;1454400;00.00;00.00
2023-09-05 00:00:00-04:00;15.602.999.877.929.600;16.084.500.122.070.300;1.548.699.951.171.870;15.932.000.732.421.800;1710300;00.00;00.00
2023-09-06 00:00:00-04:00;16.189.999.389.648.400;16.364.999.389.648.400;15.905.499.267.578.100;16.047.000.122.070.300;2066500;00.00;00.00
2023-09-07 00:00:00-04:00;15.857.000.732.421.800;1.619.499.969.482.420;1.577.899.932.861.320;16.010.000.610.351.500;1892700;00.00;00.00
2023-09-08 00:00:00-04:00;1.598.300.018.310.540;16.119.000.244.140.600;15.439.999.389.648.400;15.547.000.122.070.300;1713200;00.00;00.00
2023-09-11 00:00:00-04:00;15.599.000.549.316.400;15.807.000.732.421.800;15.481.500.244.140.600;15.766.000.366.210.900;1102200;00.00;00.00
2023-09-12 00:00:00-04:00;15.664.999.389.648.400;15.827.000.427.246.000;15.402.000.427.246.000;15.464.999.389.648.400;1059700;00.00;00.00
2023-09-13 00:00:00-04:00;15.313.999.938.964.800;15.557.000.732.421.800;15.111.000.061.035.100;15.549.000.549.316.400;1249500;00.00;00.00
2023-09-14 00:00:00-04:00;1.552.899.932.861.320;1.588.000.030.517.570;15.464.999.389.648.400;15.714.999.389.648.400;1491600;00.00;00.00
2023-09-15 00:00:00-04:00;15.667.999.267.578.100;15.866.000.366.210.900;15.391.000.366.210.900;1.585.800.018.310.540;1497600;00.00;00.00
2023-09-18 00:00:00-04:00;15.736.000.061.035.100;1.601.999.969.482.420;1.555.399.932.861.320;15.924.000.549.316.400;1208800;00.00;00.00
2023-09-19 00:00:00-04:00;158.05.00;16.089.999.389.648.400;15.627.999.877.929.600;1.601.699.981.689.450;1281900;00.00;00.00
2023-09-20 00:00:00-04:00;16.302.999.877.929.600;16.774.000.549.316.400;1.607.100.067.138.670;16.077.000.427.246.000;1707400;00.00;00.00
2023-09-21 00:00:00-04:00;15.852.000.427.246.000;1.587.899.932.861.320;15.369.000.244.140.600;15.405.999.755.859.300;1610800;00.00;00.00
2023-09-22 00:00:00-04:00;1.563.800.048.828.120;1.595.500.030.517.570;15.592.999.267.578.100;15.635.000.610.351.500;1205900;00.00;00.00
2023-09-25 00:00:00-04:00;1.556.699.981.689.450;15.635.000.610.351.500;15.149.000.549.316.400;15.552.000.427.246.000;1436800;00.00;00.00
2023-09-26 00:00:00-04:00;15.402.000.427.246.000;157.00.00;15.127.999.877.929.600;15.236.000.061.035.100;1327200;00.00;00.00
2023-09-27 00:00:00-04:00;1.533.300.018.310.540;15.547.999.572.753.900;1.520.500.030.517.570;153.75;703800;00.00;00.00
2023-09-28 00:00:00-04:00;1.508.000.030.517.570;1.545.500.030.517.570;14.786.000.061.035.100;15.352.999.877.929.600;995400;00.00;00.00
2023-09-29 00:00:00-04:00;15.735.000.610.351.500;15.889.999.389.648.400;15.452.000.427.246.000;15.463.999.938.964.800;1477400;00.00;00.00
2023-10-02 00:00:00-04:00;1.552.899.932.861.320;15.961.000.061.035.100;15.469.000.244.140.600;15.811.000.061.035.100;999100;00.00;00.00
2023-10-03 00:00:00-04:00;15.744.000.244.140.600;15.955.999.755.859.300;15.232.000.732.421.800;15.450.999.450.683.500;1226200;00.00;00.00
2023-10-04 00:00:00-04:00;1.542.100.067.138.670;15.997.999.572.753.900;1.541.199.951.171.870;1.595.800.018.310.540;1433600;00.00;00.00
2023-10-05 00:00:00-04:00;15.872.999.572.753.900;15.957.000.732.421.800;1.546.199.951.171.870;15.730.999.755.859.300;1299100;00.00;00.00
2023-10-06 00:00:00-04:00;15.563.999.938.964.800;1.613.800.048.828.120;1.548.300.018.310.540;16.052.999.877.929.600;1156500;00.00;00.00
2023-10-09 00:00:00-04:00;15.583.999.633.789.000;1.578.300.018.310.540;1.531.649.932.861.320;1.564.499.969.482.420;1412000;00.00;00.00
2023-10-10 00:00:00-04:00;1.562.100.067.138.670;16.014.999.389.648.400;15.521.499.633.789.000;15.760.000.610.351.500;1601400;00.00;00.00
2023-10-11 00:00:00-04:00;1.574.199.981.689.450;15.974.000.549.316.400;15.330.999.755.859.300;15.657.000.732.421.800;1531600;00.00;00.00
2023-10-12 00:00:00-04:00;15.952.000.427.246.000;1.624.600.067.138.670;15.602.000.427.246.000;1.581.199.951.171.870;1992700;00.00;00.00
2023-10-13 00:00:00-04:00;15.686.000.061.035.100;15.769.000.244.140.600;15.289.999.389.648.400;15.355.999.755.859.300;1759000;00.00;00.00
2023-10-16 00:00:00-04:00;15.352.000.427.246.000;15.825.999.450.683.500;1.527.899.932.861.320;1.581.199.951.171.870;1396300;00.00;00.00
2023-10-17 00:00:00-04:00;1.574.499.969.482.420;15.936.000.061.035.100;15.657.000.732.421.800;1.573.300.018.310.540;1048600;00.00;00.00
2023-10-18 00:00:00-04:00;156.00.00;1.561.750.030.517.570;14.866.000.366.210.900;1.489.199.981.689.450;1736100;00.00;00.00
2023-10-19 00:00:00-04:00;15.261.000.061.035.100;15.452.999.877.929.600;14.955.999.755.859.300;14.997.000.122.070.300;1678100;00.00;00.00
2023-10-20 00:00:00-04:00;1.493.000.030.517.570;1.514.499.969.482.420;14.575.999.450.683.500;1.499.199.981.689.450;1941900;00.00;00.00
2023-10-23 00:00:00-04:00;14.605.999.755.859.300;1.558.300.018.310.540;1.457.899.932.861.320;15.461.000.061.035.100;3272700;00.00;00.00
2023-10-24 00:00:00-04:00;16.397.999.572.753.900;1.734.499.969.482.420;163.00.00;1.706.300.048.828.120;7498600;00.00;00.00
2023-10-25 00:00:00-04:00;16.994.000.244.140.600;170.05.00;1.600.500.030.517.570;16.182.000.732.421.800;4657800;00.00;00.00
2023-10-26 00:00:00-04:00;162.75;16.535.000.610.351.500;155.00.00;1.583.800.048.828.120;2981500;00.00;00.00
2023-10-27 00:00:00-04:00;15.858.999.633.789.000;16.205.999.755.859.300;15.810.000.610.351.500;15.935.000.610.351.500;1971300;00.00;00.00
2023-10-30 00:00:00-04:00;1.611.999.969.482.420;16.427.000.427.246.000;159.75;1.626.699.981.689.450;1959300;00.00;00.00
2023-10-31 00:00:00-04:00;16.302.999.877.929.600;16.557.000.732.421.800;16.138.999.938.964.800;16.475.999.450.683.500;1566400;00.00;00.00
2023-11-01 00:00:00-04:00;165.00.00;16.789.999.389.648.400;16.364.999.389.648.400;1.676.300.048.828.120;1366100;00.00;00.00
2023-11-02 00:00:00-04:00;170.05.00;171.00.00;16.724.000.549.316.400;16.730.999.755.859.300;2154900;00.00;00.00
2023-11-03 00:00:00-04:00;167.05.00;1.709.499.969.482.420;1.670.500.030.517.570;16.997.999.572.753.900;1370100;00.00;00.00
2023-11-06 00:00:00-05:00;1.695.800.018.310.540;16.969.500.732.421.800;16.558.999.633.789.000;16.724.000.549.316.400;1127200;00.00;00.00
2023-11-07 00:00:00-05:00;1.684.499.969.482.420;16.877.000.427.246.000;16.527.999.877.929.600;165.05.00;1474000;00.00;00.00
2023-11-08 00:00:00-05:00;1.658.699.951.171.870;1.703.000.030.517.570;1.648.300.018.310.540;16.997.000.122.070.300;1403300;00.00;00.00
2023-11-09 00:00:00-05:00;1.711.999.969.482.420;17.514.999.389.648.400;1.702.100.067.138.670;17.027.999.877.929.600;1451000;00.00;00.00
2023-11-10 00:00:00-05:00;16.952.000.427.246.000;1.716.699.981.689.450;16.763.999.938.964.800;17.097.999.572.753.900;977400;00.00;00.00
2023-11-13 00:00:00-05:00;170.00.00;17.322.999.572.753.900;16.902.000.427.246.000;1.711.699.981.689.450;1307500;00.00;00.00
2023-11-14 00:00:00-05:00;17.455.999.755.859.300;175.00.00;1.710.500.030.517.570;17.441.000.366.210.900;1236100;00.00;00.00
2023-11-15 00:00:00-05:00;17.442.999.267.578.100;17.664.999.389.648.400;17.367.999.267.578.100;17.375.999.450.683.500;1248100;00.00;00.00
2023-11-16 00:00:00-05:00;17.185.000.610.351.500;17.633.999.633.789.000;1.706.199.951.171.870;17.527.999.877.929.600;1301500;00.00;00.00
2023-11-17 00:00:00-05:00;17.572.000.122.070.300;17.702.000.427.246.000;1.746.699.981.689.450;1.760.500.030.517.570;1024200;00.00;00.00
2023-11-20 00:00:00-05:00;1.750.399.932.861.320;1.809.499.969.482.420;175.00.00;17.986.000.061.035.100;1317300;00.00;00.00
2023-11-21 00:00:00-05:00;1.785.399.932.861.320;18.017.999.267.578.100;17.800.999.450.683.500;17.867.999.267.578.100;1479400;00.00;00.00
2023-11-22 00:00:00-05:00;1.796.300.048.828.120;182.05.00;179.00.00;1.811.999.969.482.420;1229900;00.00;00.00
2023-11-24 00:00:00-05:00;17.922.000.122.070.300;18.230.499.267.578.100;17.872.999.572.753.900;1.816.999.969.482.420;499100;00.00;00.00
2023-11-27 00:00:00-05:00;182.00.00;18.448.500.061.035.100;18.136.000.061.035.100;1.830.399.932.861.320;1204300;00.00;00.00
2023-11-28 00:00:00-05:00;183.00.00;1.849.199.981.689.450;1.820.399.932.861.320;18.261.000.061.035.100;845900;00.00;00.00
2023-11-29 00:00:00-05:00;183.00.00;18.427.999.877.929.600;1.804.199.981.689.450;18.230.999.755.859.300;1013300;00.00;00.00
2023-11-30 00:00:00-05:00;18.302.999.877.929.600;18.558.999.633.789.000;18.064.599.609.375;18.511.000.061.035.100;1597400;00.00;00.00
2023-12-01 00:00:00-05:00;18.072.999.572.753.900;18.333.999.633.789.000;17.966.000.366.210.900;18.069.000.244.140.600;1628200;00.00;00.00
2023-12-04 00:00:00-05:00;193.00.00;2.014.149.932.861.320;192.00.00;1.941.699.981.689.450;6862800;00.00;00.00
2023-12-05 00:00:00-05:00;19.289.999.389.648.400;19.997.000.122.070.300;19.125.999.450.683.500;19.932.000.732.421.800;3133100;00.00;00.00
2023-12-06 00:00:00-05:00;199.00.00;2.028.800.048.828.120;1.935.800.018.310.540;1.937.899.932.861.320;1864600;00.00;00.00
2023-12-07 00:00:00-05:00;1.939.499.969.482.420;1.963.000.030.517.570;19.302.000.427.246.000;19.582.000.732.421.800;1238700;00.00;00.00
2023-12-08 00:00:00-05:00;19.225.999.450.683.500;19.838.999.938.964.800;191.00.00;1.980.500.030.517.570;1729700;00.00;00.00
2023-12-11 00:00:00-05:00;200.00.00;200.00.00;19.632.000.732.421.800;19.775.999.450.683.500;1593200;00.00;00.00
2023-12-12 00:00:00-05:00;1.971.300.048.828.120;19.999.000.549.316.400;1.956.999.969.482.420;199.00.00;1254500;00.00;00.00
2023-12-13 00:00:00-05:00;19.902.000.427.246.000;2.023.300.018.310.540;19.630.099.487.304.600;19.949.000.549.316.400;2161500;00.00;00.00
2023-12-14 00:00:00-05:00;19.835.000.610.351.500;20.082.000.732.421.800;19.552.000.427.246.000;19.614.999.389.648.400;2048600;00.00;00.00
2023-12-15 00:00:00-05:00;19.510.000.610.351.500;1.954.550.018.310.540;1.914.199.981.689.450;1.921.699.981.689.450;2246000;00.00;00.00
2023-12-18 00:00:00-05:00;19.074.000.549.316.400;194.75;1.891.699.981.689.450;1.930.399.932.861.320;2576900;00.00;00.00
2023-12-19 00:00:00-05:00;1.925.800.018.310.540;1.939.720.001.220.700;19.021.099.853.515.600;1.908.300.018.310.540;1530100;00.00;00.00
2023-12-20 00:00:00-05:00;19.024.000.549.316.400;192.25.00;18.800.999.450.683.500;1.887.100.067.138.670;1166400;00.00;00.00
2023-12-21 00:00:00-05:00;19.530.999.755.859.300;19.571.499.633.789.000;19.260.499.572.753.900;19.285.000.610.351.500;1556900;00.00;00.00
2023-12-22 00:00:00-05:00;1.928.300.018.310.540;1.934.199.981.689.450;18.855.999.755.859.300;18.958.999.633.789.000;1328200;00.00;00.00
2023-12-26 00:00:00-05:00;18.999.000.549.316.400;1.914.199.981.689.450;18.922.999.572.753.900;1.898.800.048.828.120;1121000;00.00;00.00
2023-12-27 00:00:00-05:00;19.036.000.061.035.100;192.031.005.859.375;19.002.999.877.929.600;19.027.000.427.246.000;742500;00.00;00.00
2023-12-28 00:00:00-05:00;1.916.699.981.689.450;19.244.000.244.140.600;18.872.000.122.070.300;188.75;721900;00.00;00.00
2023-12-29 00:00:00-05:00;18.930.999.755.859.300;18.997.000.122.070.300;18.788.999.938.964.800;18.791.000.366.210.900;1389600;00.00;00.00
2024-01-02 00:00:00-05:00;1.880.500.030.517.570;19.027.999.877.929.600;1.853.699.951.171.870;1.888.000.030.517.570;1385700;00.00;00.00
2024-01-03 00:00:00-05:00;18.733.999.633.789.000;18.949.000.549.316.400;1.857.100.067.138.670;18.794.000.244.140.600;977300;00.00;00.00
2024-01-04 00:00:00-05:00;190.00.00;19.552.000.427.246.000;1.874.499.969.482.420;1.925.800.018.310.540;2576800;00.00;00.00
2024-01-05 00:00:00-05:00;1.926.199.951.171.870;1.950.800.018.310.540;19.224.000.549.316.400;19.352.000.427.246.000;1395700;00.00;00.00
2024-01-08 00:00:00-05:00;1.951.999.969.482.420;1.977.449.951.171.870;19.332.000.732.421.800;197.25.00;1545100;00.00;00.00
2024-01-09 00:00:00-05:00;19.697.999.572.753.900;19.824.000.549.316.400;19.235.000.610.351.500;19.302.000.427.246.000;1130900;00.00;00.00
2024-01-10 00:00:00-05:00;193.25.00;19.963.999.938.964.800;193.25.00;1.967.899.932.861.320;1860600;00.00;00.00
2024-01-11 00:00:00-05:00;19.827.000.427.246.000;20.094.000.244.140.600;19.466.000.366.210.900;20.082.000.732.421.800;2041300;00.00;00.00
2024-01-12 00:00:00-05:00;2.009.499.969.482.420;20.402.999.877.929.600;1.984.499.969.482.420;20.302.999.877.929.600;1927800;00.00;00.00
2024-01-16 00:00:00-05:00;20.116.000.366.210.900;203.75;19.800.999.450.683.500;20.335.000.610.351.500;2141100;00.00;00.00
2024-01-17 00:00:00-05:00;19.663.999.938.964.800;1.997.899.932.861.320;1.918.800.048.828.120;19.867.999.267.578.100;3335700;00.00;00.00
2024-01-18 00:00:00-05:00;20.080.999.755.859.300;209.875;20.080.999.755.859.300;20.482.000.732.421.800;2474500;00.00;00.00
2024-01-19 00:00:00-05:00;20.592.999.267.578.100;2.064.499.969.482.420;2.023.000.030.517.570;2.047.100.067.138.670;1323700;00.00;00.00
2024-01-22 00:00:00-05:00;206.00.00;2.083.800.048.828.120;20.422.000.122.070.300;2.056.699.981.689.450;1169000;00.00;00.00
2024-01-23 00:00:00-05:00;20.532.000.732.421.800;20.749.000.549.316.400;2.045.749.969.482.420;2.067.100.067.138.670;1148000;00.00;00.00
2024-01-24 00:00:00-05:00;213.00.00;21.532.000.732.421.800;20.917.999.267.578.100;21.113.999.938.964.800;1896700;00.00;00.00
2024-01-25 00:00:00-05:00;21.142.999.267.578.100;21.419.000.244.140.600;21.033.999.633.789.000;21.417.999.267.578.100;1218000;00.00;00.00
2024-01-26 00:00:00-05:00;21.305.999.755.859.300;21.507.000.732.421.800;21.177.000.427.246.000;2.142.899.932.861.320;1545400;00.00;00.00
2024-01-29 00:00:00-05:00;216.00.00;2.191.999.969.482.420;2.148.000.030.517.570;21.861.000.061.035.100;1287000;00.00;00.00
2024-01-30 00:00:00-05:00;2.223.000.030.517.570;224.00.00;2.174.600.067.138.670;2.176.199.951.171.870;1797000;00.00;00.00
2024-01-31 00:00:00-05:00;21.400.999.450.683.500;21.952.000.427.246.000;21.330.999.755.859.300;21.535.000.610.351.500;1191600;00.00;00.00
2024-02-01 00:00:00-05:00;217.25.00;21.993.800.354.003.900;21.667.999.267.578.100;2.189.600.067.138.670;1174400;00.00;00.00
2024-02-02 00:00:00-05:00;22.133.999.633.789.000;2.244.499.969.482.420;21.857.000.732.421.800;22.247.000.122.070.300;1725100;00.00;00.00
2024-02-05 00:00:00-05:00;2.205.500.030.517.570;2.238.300.018.310.540;21.936.000.061.035.100;223.25.00;3812100;00.00;00.00
2024-02-06 00:00:00-05:00;24.100.999.450.683.500;2.486.699.981.689.450;2.289.720.001.220.700;2.319.199.981.689.450;7777000;00.00;00.00
2024-02-07 00:00:00-05:00;23.002.000.427.246.000;24.300.999.450.683.500;22.752.000.427.246.000;2.408.300.018.310.540;4757700;00.00;00.00
2024-02-08 00:00:00-05:00;238.00.00;2.442.899.932.861.320;2.376.510.009.765.620;24.000.999.450.683.500;2749000;00.00;00.00
2024-02-09 00:00:00-05:00;2.395.500.030.517.570;2.422.100.067.138.670;2.380.399.932.861.320;24.077.000.427.246.000;2049200;00.00;00.00
2024-02-12 00:00:00-05:00;2.383.800.048.828.120;23.939.500.427.246.000;23.335.499.572.753.900;23.467.999.267.578.100;2824300;00.00;00.00
2024-02-13 00:00:00-05:00;23.133.999.633.789.000;23.852.000.427.246.000;22.807.000.732.421.800;238.00.00;1798300;00.00;00.00
2024-02-14 00:00:00-05:00;24.072.000.122.070.300;2.443.800.048.828.120;23.913.999.938.964.800;2.441.699.981.689.450;1623600;00.00;00.00
2024-02-15 00:00:00-05:00;2.441.699.981.689.450;2.476.999.969.482.420;24.219.000.244.140.600;24.550.999.450.683.500;1808000;00.00;00.00
2024-02-16 00:00:00-05:00;2.454.600.067.138.670;2.485.030.059.814.450;2.433.800.048.828.120;246.25.00;1548400;00.00;00.00
2024-02-20 00:00:00-05:00;24.413.999.938.964.800;246.05.00;23.966.000.366.210.900;24.339.999.389.648.400;2222400;00.00;00.00
2024-02-21 00:00:00-05:00;2.432.899.932.861.320;24.563.999.938.964.800;24.072.999.572.753.900;24.508.999.633.789.000;1896700;00.00;00.00
2024-02-22 00:00:00-05:00;2.479.600.067.138.670;24.922.000.122.070.300;24.399.000.549.316.400;2.481.199.951.171.870;1728300;00.00;00.00
2024-02-23 00:00:00-05:00;24.927.999.877.929.600;2.562.900.085.449.210;2.479.499.969.482.420;2.561.000.061.035.150;2492800;00.00;00.00
2024-02-26 00:00:00-05:00;25.549.000.549.316.400;25.642.999.267.578.100;25.022.999.572.753.900;25.499.000.549.316.400;1754800;00.00;00.00
2024-02-27 00:00:00-05:00;25.582.000.732.421.800;25.599.000.549.316.400;2.505.399.932.861.320;25.302.000.427.246.000;1529900;00.00;00.00
2024-02-28 00:00:00-05:00;25.097.000.122.070.300;25.344.000.244.140.600;2.493.800.048.828.120;252.25.00;1657500;00.00;00.00
2024-02-29 00:00:00-05:00;25.436.000.061.035.100;2.573.599.853.515.620;25.276.499.938.964.800;2.564.100.036.621.090;1336500;00.00;00.00
2024-03-01 00:00:00-05:00;2.561.499.938.964.840;26.382.000.732.421.800;2.545.399.932.861.320;263.75;2351200;00.00;00.00
2024-03-04 00:00:00-05:00;26.355.999.755.859.300;27.155.999.755.859.300;262.489.990.234.375;270.00.00;2793000;00.00;00.00
2024-03-05 00:00:00-05:00;2.683.599.853.515.620;2.702.650.146.484.370;2.632.799.987.792.960;267.00.00;2482500;00.00;00.00
2024-03-06 00:00:00-05:00;270.00.00;2.720.780.029.296.870;2.674.200.134.277.340;2.680.299.987.792.960;1181300;00.00;00.00
2024-03-07 00:00:00-05:00;268.00.00;2.717.200.012.207.030;2.660.199.890.136.710;2.703.500.061.035.150;921300;00.00;00.00
2024-03-08 00:00:00-05:00;269.05.00;27.244.000.244.140.600;259.239.990.234.375;2.593.999.938.964.840;1968100;00.00;00.00
2024-03-11 00:00:00-04:00;258.05.00;259.00.00;253.25.00;2.544.499.969.482.420;2489400;00.00;00.00
2024-03-12 00:00:00-04:00;255.05.00;2.597.359.924.316.400;2.549.550.018.310.540;2.580.899.963.378.900;1351000;00.00;00.00
2024-03-13 00:00:00-04:00;2.582.699.890.136.710;260.489.990.234.375;2.553.800.048.828.120;257.260.009.765.625;924800;00.00;00.00
2024-03-14 00:00:00-04:00;25.754.998.779.296.800;2.593.999.938.964.840;25.558.999.633.789.000;2.571.300.048.828.120;847100;00.00;00.00
2024-03-15 00:00:00-04:00;256.989.990.234.375;256.989.990.234.375;25.250.999.450.683.500;25.488.999.938.964.800;1432100;00.00;00.00
2024-03-18 00:00:00-04:00;257.00.00;25.767.498.779.296.800;25.161.000.061.035.100;25.414.999.389.648.400;885900;00.00;00.00
2024-03-19 00:00:00-04:00;2.539.499.969.482.420;25.477.999.877.929.600;2.495.800.018.310.540;25.275.999.450.683.500;1067500;00.00;00.00
2024-03-20 00:00:00-04:00;2.561.700.134.277.340;2.624.100.036.621.090;2.544.199.981.689.450;2.617.200.012.207.030;1587600;00.00;00.00
2024-03-21 00:00:00-04:00;2.642.099.914.550.780;2.646.700.134.277.340;258.05.00;2.596.400.146.484.370;1097400;00.00;00.00
2024-03-22 00:00:00-04:00;2.593.800.048.828.120;2.654.599.914.550.780;2.588.900.146.484.370;26.495.001.220.703.100;868000;00.00;00.00
2024-03-25 00:00:00-04:00;263.010.009.765.625;26.495.001.220.703.100;2.608.900.146.484.370;2.619.200.134.277.340;824700;00.00;00.00
2024-03-26 00:00:00-04:00;273.010.009.765.625;27.829.998.779.296.800;2.626.499.938.964.840;26.280.999.755.859.300;1956400;00.00;00.00
2024-03-27 00:00:00-04:00;267.00.00;2.697.200.012.207.030;25.755.999.755.859.300;26.020.001.220.703.100;1427200;00.00;00.00
2024-03-28 00:00:00-04:00;2.585.299.987.792.960;2.685.450.134.277.340;258.00.00;2.638.999.938.964.840;1371700;00.00;00.00
2024-04-01 00:00:00-04:00;2.629.700.012.207.030;267.239.990.234.375;26.079.998.779.296.800;26.642.999.267.578.100;1122600;00.00;00.00
2024-04-02 00:00:00-04:00;26.144.000.244.140.600;2.707.200.012.207.030;2.613.800.048.828.120;2.695.799.865.722.650;1930600;00.00;00.00
2024-04-03 00:00:00-04:00;2.850.400.085.449.210;293.00.00;279.00.00;2.917.699.890.136.710;4630800;00.00;00.00
2024-04-04 00:00:00-04:00;293.00.00;304.00.00;292.75;2.959.599.914.550.780;3554000;00.00;00.00
2024-04-05 00:00:00-04:00;29.867.999.267.578.100;3.130.679.931.640.620;29.867.999.267.578.100;31.030.999.755.859.300;2988400;00.00;00.00
2024-04-08 00:00:00-04:00;30.920.001.220.703.100;31.315.899.658.203.100;3.074.100.036.621.090;30.907.000.732.421.800;1721200;00.00;00.00
2024-04-09 00:00:00-04:00;3.086.000.061.035.150;3.095.849.914.550.780;2.991.099.853.515.620;3.007.300.109.863.280;2541100;00.00;00.00
2024-04-10 00:00:00-04:00;2.977.900.085.449.210;30.345.001.220.703.100;296.00.00;299.989.990.234.375;1511200;00.00;00.00
2024-04-11 00:00:00-04:00;3.007.900.085.449.210;305.739.990.234.375;2.990.199.890.136.710;30.357.000.732.421.800;1134500;00.00;00.00
2024-04-12 00:00:00-04:00;301.00.00;3.033.550.109.863.280;299.00.00;30.045.001.220.703.100;1419800;00.00;00.00
2024-04-15 00:00:00-04:00;3.027.200.012.207.030;3.045.899.963.378.900;2.903.500.061.035.150;2.905.199.890.136.710;1944000;00.00;00.00
2024-04-16 00:00:00-04:00;2.911.300.048.828.120;30.092.999.267.578.100;289.010.009.765.625;2.980.799.865.722.650;1585700;00.00;00.00
2024-04-17 00:00:00-04:00;29.832.000.732.421.800;3.000.450.134.277.340;2.932.699.890.136.710;2.935.799.865.722.650;1471300;00.00;00.00
2024-04-18 00:00:00-04:00;2.947.799.987.792.960;2.968.009.948.730.460;2.886.700.134.277.340;28.920.001.220.703.100;2027200;00.00;00.00
2024-04-19 00:00:00-04:00;28.479.998.779.296.800;285.00.00;27.045.001.220.703.100;2.758.299.865.722.650;4245500;00.00;00.00
2024-04-22 00:00:00-04:00;2.809.700.012.207.030;2.809.700.012.207.030;267.760.009.765.625;272.239.990.234.375;5589200;00.00;00.00
2024-04-23 00:00:00-04:00;3.011.300.048.828.120;31.929.998.779.296.800;298.05.00;30.330.999.755.859.300;11386200;00.00;00.00
2024-04-24 00:00:00-04:00;3.013.500.061.035.150;3.056.400.146.484.370;2.781.400.146.484.370;2.812.300.109.863.280;8241500;00.00;00.00
2024-04-25 00:00:00-04:00;2.756.700.134.277.340;291.375;2.716.499.938.964.840;2.890.199.890.136.710;3711400;00.00;00.00
2024-04-26 00:00:00-04:00;2.926.499.938.964.840;294.00.00;2.848.399.963.378.900;2.895.899.963.378.900;2477200;00.00;00.00
2024-04-29 00:00:00-04:00;289.010.009.765.625;2.909.100.036.621.090;2.842.300.109.863.280;286.239.990.234.375;1680600;00.00;00.00
2024-04-30 00:00:00-04:00;287.00.00;28.845.001.220.703.100;2.803.699.951.171.870;28.044.000.244.140.600;1258100;00.00;00.00
2024-05-01 00:00:00-04:00;2.806.600.036.621.090;2.908.800.048.828.120;2.806.600.036.621.090;2.845.400.085.449.210;1671600;00.00;00.00
2024-05-02 00:00:00-04:00;2.875.150.146.484.370;2.943.900.146.484.370;2.833.900.146.484.370;2.941.700.134.277.340;1628000;00.00;00.00
2024-05-03 00:00:00-04:00;29.480.999.755.859.300;29.882.000.732.421.800;2.920.400.085.449.210;29.607.000.732.421.800;1503900;00.00;00.00
2024-05-06 00:00:00-04:00;298.00.00;3.000.400.085.449.210;2.946.199.951.171.870;2.994.800.109.863.280;1395100;00.00;00.00
2024-05-07 00:00:00-04:00;2.965.400.085.449.210;2.998.299.865.722.650;294.760.009.765.625;29.804.998.779.296.800;1332100;00.00;00.00
2024-05-08 00:00:00-04:00;29.754.998.779.296.800;3.032.950.134.277.340;2.961.700.134.277.340;2.986.499.938.964.840;2108700;00.00;00.00
2024-05-09 00:00:00-04:00;2.988.800.048.828.120;3.013.699.951.171.870;2.942.619.934.082.030;2.986.600.036.621.090;844700;00.00;00.00
2024-05-10 00:00:00-04:00;3.002.099.914.550.780;303.656.005.859.375;2.930.799.865.722.650;2.946.000.061.035.150;943800;00.00;00.00
2024-05-13 00:00:00-04:00;2.946.499.938.964.840;2.954.100.036.621.090;2.871.700.134.277.340;2.897.099.914.550.780;898800;00.00;00.00
2024-05-14 00:00:00-04:00;2.877.200.012.207.030;2.915.350.036.621.090;2.862.049.865.722.650;2.901.199.951.171.870;917900;00.00;00.00
2024-05-15 00:00:00-04:00;2.988.500.061.035.150;30.307.000.732.421.800;2.953.900.146.484.370;3.030.400.085.449.210;2013600;00.00;00.00
2024-05-16 00:00:00-04:00;3.025.400.085.449.210;3.049.200.134.277.340;2.978.599.853.515.620;2.981.199.951.171.870;1316100;00.00;00.00
2024-05-17 00:00:00-04:00;29.995.001.220.703.100;3.028.699.951.171.870;2.981.199.951.171.870;30.282.000.732.421.800;893600;00.00;00.00
2024-05-20 00:00:00-04:00;303.00.00;31.269.000.244.140.600;303.00.00;3.082.099.914.550.780;1487500;00.00;00.00
2024-05-21 00:00:00-04:00;3.048.500.061.035.150;3.079.800.109.863.280;302.375;30.492.999.267.578.100;1028900;00.00;00.00
2024-05-22 00:00:00-04:00;306.00.00;30.669.000.244.140.600;2.957.099.914.550.780;298.760.009.765.625;1376800;00.00;00.00
2024-05-23 00:00:00-04:00;3.029.200.134.277.340;30.582.000.732.421.800;2.969.800.109.863.280;300.510.009.765.625;1013300;00.00;00.00
2024-05-24 00:00:00-04:00;298.00.00;3.096.400.146.484.370;298.00.00;3.081.600.036.621.090;1165600;00.00;00.00
2024-05-28 00:00:00-04:00;307.00.00;312.00.00;306.00.00;3.102.900.085.449.210;1080600;00.00;00.00
2024-05-29 00:00:00-04:00;3.077.099.914.550.780;3.091.549.987.792.960;3.041.000.061.035.150;3.075.199.890.136.710;1102600;00.00;00.00
2024-05-30 00:00:00-04:00;30.545.001.220.703.100;3.072.349.853.515.620;3.015.899.963.378.900;30.469.000.244.140.600;703900;00.00;00.00
2024-05-31 00:00:00-04:00;3.018.900.146.484.370;3.046.499.938.964.840;2.922.099.914.550.780;2.967.799.987.792.960;1478300;00.00;00.00
2024-06-03 00:00:00-04:00;313.010.009.765.625;317.00.00;3.073.550.109.863.280;3.136.199.951.171.870;2279200;00.00;00.00
2024-06-04 00:00:00-04:00;3.126.400.146.484.370;326.760.009.765.625;310.05.00;32.667.999.267.578.100;3484800;00.00;00.00
2024-06-05 00:00:00-04:00;32.654.998.779.296.800;3.310.799.865.722.650;32.254.998.779.296.800;324.75;1822700;00.00;00.00
2024-06-06 00:00:00-04:00;325.00.00;3.286.300.048.828.120;3.181.000.061.035.150;319.510.009.765.625;1229200;00.00;00.00
2024-06-07 00:00:00-04:00;318.989.990.234.375;31.904.998.779.296.800;3.076.700.134.277.340;3.082.099.914.550.780;2137700;00.00;00.00
2024-06-10 00:00:00-04:00;3.094.599.914.550.780;3.121.600.036.621.090;3.053.659.973.144.530;309.00.00;1547700;00.00;00.00
2024-06-11 00:00:00-04:00;319.00.00;319.375;3.060.799.865.722.650;310.00.00;1808800;00.00;00.00
2024-06-12 00:00:00-04:00;311.00.00;3.161.099.853.515.620;3.092.900.085.449.210;315.489.990.234.375;1139400;00.00;00.00
2024-06-13 00:00:00-04:00;3.131.400.146.484.370;3.148.370.056.152.340;3.007.900.085.449.210;306.010.009.765.625;2135600;00.00;00.00
2024-06-14 00:00:00-04:00;3.072.300.109.863.280;31.670.001.220.703.100;3.058.500.061.035.150;3.130.199.890.136.710;2047100;00.00;00.00
2024-06-17 00:00:00-04:00;3.126.700.134.277.340;3.174.519.958.496.090;3.108.800.048.828.120;3.112.200.012.207.030;1326000;00.00;00.00
2024-06-18 00:00:00-04:00;310.00.00;31.230.999.755.859.300;305.489.990.234.375;3.098.999.938.964.840;1218500;00.00;00.00
2024-06-20 00:00:00-04:00;3.116.400.146.484.370;31.729.998.779.296.800;3.106.499.938.964.840;3.138.900.146.484.370;1476200;00.00;00.00
2024-06-21 00:00:00-04:00;3.117.099.914.550.780;3.190.400.085.449.210;3.083.999.938.964.840;317.739.990.234.375;1397900;00.00;00.00
2024-06-24 00:00:00-04:00;317.739.990.234.375;319.05.00;3.106.700.134.277.340;314.989.990.234.375;1484900;00.00;00.00
2024-06-25 00:00:00-04:00;3.179.100.036.621.090;3.227.300.109.863.280;312.614.990.234.375;3.212.799.987.792.960;1038600;00.00;00.00
2024-06-26 00:00:00-04:00;320.00.00;322.00.00;31.619.000.244.140.600;3.189.599.914.550.780;1245600;00.00;00.00
2024-06-27 00:00:00-04:00;3.192.900.085.449.210;32.455.999.755.859.300;314.239.990.234.375;3.153.800.048.828.120;1492600;00.00;00.00
2024-06-28 00:00:00-04:00;3.153.900.146.484.370;317.989.990.234.375;3.062.099.914.550.780;3.137.900.085.449.210;4935000;00.00;00.00
2024-07-01 00:00:00-04:00;3.136.400.146.484.370;3.144.200.134.277.340;30.680.999.755.859.300;3.138.399.963.378.900;1080500;00.00;00.00
2024-07-02 00:00:00-04:00;3.140.199.890.136.710;3.166.449.890.136.710;30.942.999.267.578.100;31.554.998.779.296.800;913200;00.00;00.00
2024-07-03 00:00:00-04:00;31.529.998.779.296.800;3.160.799.865.722.650;311.010.009.765.625;31.479.998.779.296.800;661800;00.00;00.00
2024-07-05 00:00:00-04:00;315.00.00;3.170.899.963.378.900;3.135.299.987.792.960;3.168.500.061.035.150;939700;00.00;00.00
2024-07-08 00:00:00-04:00;32.194.000.244.140.600;322.00.00;309.010.009.765.625;3.137.099.914.550.780;1733300;00.00;00.00
2024-07-09 00:00:00-04:00;315.260.009.765.625;31.542.999.267.578.100;3.106.400.146.484.370;31.154.998.779.296.800;1448600;00.00;00.00
2024-07-10 00:00:00-04:00;308.00.00;31.230.999.755.859.300;3.048.500.061.035.150;304.989.990.234.375;2220300;00.00;00.00
2024-07-11 00:00:00-04:00;3.127.300.109.863.280;3.140.199.890.136.710;2.971.099.853.515.620;3.009.800.109.863.280;2288400;00.00;00.00
2024-07-12 00:00:00-04:00;3.021.300.048.828.120;30.744.000.244.140.600;3.003.900.146.484.370;3.022.699.890.136.710;1244500;00.00;00.00
2024-07-15 00:00:00-04:00;3.022.699.890.136.710;3.081.199.951.171.870;2.993.999.938.964.840;3.021.499.938.964.840;1145500;00.00;00.00
2024-07-16 00:00:00-04:00;3.037.799.987.792.960;3.048.699.951.171.870;2.948.500.061.035.150;298.05.00;1424700;00.00;00.00
2024-07-17 00:00:00-04:00;2.947.900.085.449.210;2.993.800.048.828.120;2.908.699.951.171.870;294.739.990.234.375;1982100;00.00;00.00
2024-07-18 00:00:00-04:00;2.966.600.036.621.090;29.832.000.732.421.800;28.807.000.732.421.800;2.901.600.036.621.090;1817300;00.00;00.00
2024-07-19 00:00:00-04:00;2.922.300.109.863.280;2.983.800.048.828.120;290.05.00;2.950.899.963.378.900;1782400;00.00;00.00
2024-07-22 00:00:00-04:00;298.00.00;3.007.200.012.207.030;2.901.300.048.828.120;29.545.001.220.703.100;3122100;00.00;00.00
2024-07-23 00:00:00-04:00;339.05.00;3.433.999.938.964.840;326.05.00;3.307.900.085.449.210;6669200;00.00;00.00
2024-07-24 00:00:00-04:00;3.336.199.951.171.870;3.462.300.109.863.280;328.760.009.765.625;3.365.199.890.136.710;5691200;00.00;00.00
2024-07-25 00:00:00-04:00;33.682.000.732.421.800;341.00.00;3.240.799.865.722.650;32.895.001.220.703.100;2716300;00.00;00.00
2024-07-26 00:00:00-04:00;3.304.200.134.277.340;3.313.699.951.171.870;32.020.001.220.703.100;3.218.800.048.828.120;1986600;00.00;00.00
2024-07-29 00:00:00-04:00;323.739.990.234.375;32.807.000.732.421.800;3.197.300.109.863.280;323.739.990.234.375;1736800;00.00;00.00
2024-07-30 00:00:00-04:00;3.233.500.061.035.150;3.346.499.938.964.840;3.218.299.865.722.650;3.303.500.061.035.150;2508300;00.00;00.00
2024-07-31 00:00:00-04:00;33.404.998.779.296.800;3.443.399.963.378.900;3.301.400.146.484.370;34.394.000.244.140.600;2118000;00.00;00.00
2024-08-01 00:00:00-04:00;3.450.899.963.378.900;359.375;335.010.009.765.625;336.05.00;2642500;00.00;00.00
2024-08-02 00:00:00-04:00;3.264.100.036.621.090;3.323.999.938.964.840;318.75;3.308.500.061.035.150;2977800;00.00;00.00
2024-08-05 00:00:00-04:00;302.010.009.765.625;3.255.899.963.378.900;30.057.000.732.421.800;3.240.299.987.792.960;3183800;00.00;00.00
2024-08-06 00:00:00-04:00;323.989.990.234.375;3.307.200.012.207.030;3.203.800.048.828.120;32.729.998.779.296.800;1540300;00.00;00.00
2024-08-07 00:00:00-04:00;329.00.00;3.353.630.065.917.960;3.231.600.036.621.090;3.233.399.963.378.900;1320700;00.00;00.00
2024-08-08 00:00:00-04:00;32.820.001.220.703.100;339.489.990.234.375;3.243.599.853.515.620;33.832.000.732.421.800;1445100;00.00;00.00
2024-08-09 00:00:00-04:00;3.372.699.890.136.710;3.432.749.938.964.840;3.336.700.134.277.340;3.398.999.938.964.840;1212900;00.00;00.00
2024-08-12 00:00:00-04:00;340.00.00;34.342.999.267.578.100;336.510.009.765.625;3.403.599.853.515.620;918900;00.00;00.00
2024-08-13 00:00:00-04:00;339.00.00;34.030.999.755.859.300;33.379.998.779.296.800;334.739.990.234.375;2081300;00.00;00.00
2024-08-14 00:00:00-04:00;335.989.990.234.375;338.510.009.765.625;3.323.699.951.171.870;3.343.500.061.035.150;1831000;00.00;00.00
2024-08-15 00:00:00-04:00;337.00.00;3.416.369.934.082.030;3.339.100.036.621.090;3.355.899.963.378.900;2115600;00.00;00.00
2024-08-16 00:00:00-04:00;3.352.099.914.550.780;3.389.100.036.621.090;33.282.000.732.421.800;3.373.800.048.828.120;1513200;00.00;00.00
2024-08-19 00:00:00-04:00;335.00.00;3.461.700.134.277.340;33.456.500.244.140.600;34.469.000.244.140.600;2043200;00.00;00.00
2024-08-20 00:00:00-04:00;34.654.998.779.296.800;3.488.500.061.035.150;3.427.449.951.171.870;3.462.799.987.792.960;1557000;00.00;00.00
2024-08-21 00:00:00-04:00;3.451.600.036.621.090;3.478.599.853.515.620;34.330.499.267.578.100;34.369.000.244.140.600;1756400;00.00;00.00
2024-08-22 00:00:00-04:00;345.010.009.765.625;35.032.000.732.421.800;3.405.199.890.136.710;34.220.001.220.703.100;1706700;00.00;00.00
2024-08-23 00:00:00-04:00;3.424.100.036.621.090;3.479.800.109.863.280;3.401.759.948.730.460;342.489.990.234.375;1490300;00.00;00.00
2024-08-26 00:00:00-04:00;342.05.00;34.380.999.755.859.300;3.336.099.853.515.620;33.607.000.732.421.800;1184600;00.00;00.00
2024-08-27 00:00:00-04:00;333.510.009.765.625;343.260.009.765.625;333.00.00;3.394.700.012.207.030;1412900;00.00;00.00
2024-08-28 00:00:00-04:00;33.830.999.755.859.300;3.395.400.085.449.210;3.340.899.963.378.900;33.755.999.755.859.300;976900;00.00;00.00
2024-08-29 00:00:00-04:00;33.879.998.779.296.800;344.05.00;33.879.998.779.296.800;3.407.300.109.863.280;1453000;00.00;00.00
2024-08-30 00:00:00-04:00;3.411.700.134.277.340;3.435.050.048.828.120;3.374.700.012.207.030;3.428.800.048.828.120;1077100;00.00;00.00
2024-09-03 00:00:00-04:00;34.004.998.779.296.800;3.423.999.938.964.840;3.260.950.012.207.030;3.286.000.061.035.150;1632800;00.00;00.00
2024-09-04 00:00:00-04:00;32.779.998.779.296.800;3.363.800.048.828.120;32.707.000.732.421.800;329.25.00;825800;00.00;00.00
2024-09-05 00:00:00-04:00;3.233.800.048.828.120;3.296.000.061.035.150;3.226.199.951.171.870;3.286.300.048.828.120;1542600;00.00;00.00
2024-09-06 00:00:00-04:00;331.260.009.765.625;3.319.200.134.277.340;31.907.000.732.421.800;3.227.699.890.136.710;1162300;00.00;00.00
2024-09-09 00:00:00-04:00;324.05.00;3.290.400.085.449.210;3.223.500.061.035.150;32.407.000.732.421.800;828000;00.00;00.00
2024-09-10 00:00:00-04:00;3.265.199.890.136.710;3.281.499.938.964.840;3.241.600.036.621.090;327.00.00;741400;00.00;00.00
2024-09-11 00:00:00-04:00;3.281.099.853.515.620;3.372.300.109.863.280;326.00.00;3.366.600.036.621.090;1058700;00.00;00.00
2024-09-12 00:00:00-04:00;338.25.00;3.421.700.134.277.340;3.371.300.048.828.120;337.510.009.765.625;944000;00.00;00.00
2024-09-13 00:00:00-04:00;3.377.900.085.449.210;34.451.800.537.109.300;3.375.299.987.792.960;3.378.999.938.964.840;994400;00.00;00.00
2024-09-16 00:00:00-04:00;3.430.199.890.136.710;344.00.00;3.371.499.938.964.840;3.388.299.865.722.650;1129600;00.00;00.00
2024-09-17 00:00:00-04:00;3.410.400.085.449.210;3.469.800.109.863.280;3.392.799.987.792.960;3.421.499.938.964.840;950600;00.00;00.00
2024-09-18 00:00:00-04:00;3.428.500.061.035.150;34.682.000.732.421.800;3.403.699.951.171.870;3.439.700.012.207.030;1150200;00.00;00.00
2024-09-19 00:00:00-04:00;350.00.00;3.682.900.085.449.210;3.489.599.914.550.780;3.602.200.012.207.030;2811800;00.00;00.00
2024-09-20 00:00:00-04:00;36.382.000.732.421.800;3.667.900.085.449.210;362.00.00;3.651.700.134.277.340;1434100;00.00;00.00
2024-09-23 00:00:00-04:00;367.00.00;3.711.099.853.515.620;3.635.299.987.792.960;369.010.009.765.625;1777600;00.00;00.00
2024-09-24 00:00:00-04:00;3.748.299.865.722.650;3.826.000.061.035.150;371.00.00;3.803.599.853.515.620;2547800;00.00;00.00
2024-09-25 00:00:00-04:00;37.779.998.779.296.800;3.869.599.914.550.780;37.571.099.853.515.600;3.839.599.914.550.780;1667500;00.00;00.00
2024-09-26 00:00:00-04:00;3.867.200.012.207.030;3.892.300.109.863.280;3.730.799.865.722.650;3.791.600.036.621.090;1781100;00.00;00.00
2024-09-27 00:00:00-04:00;376.760.009.765.625;3.774.100.036.621.090;3.659.100.036.621.090;36.920.001.220.703.100;2904200;00.00;00.00
2024-09-30 00:00:00-04:00;36.904.998.779.296.800;3.733.800.048.828.120;366.25.00;3.685.299.987.792.960;1553300;00.00;00.00
2024-10-01 00:00:00-04:00;370.489.990.234.375;3.756.600.036.621.090;36.792.999.267.578.100;3.753.999.938.964.840;1565900;00.00;00.00
2024-10-02 00:00:00-04:00;3.744.599.914.550.780;3.773.680.114.746.090;3.715.299.987.792.960;374.75;1504500;00.00;00.00
2024-10-03 00:00:00-04:00;37.257.000.732.421.800;37.669.000.244.140.600;371.739.990.234.375;3.726.000.061.035.150;947000;00.00;00.00
2024-10-04 00:00:00-04:00;3.763.800.048.828.120;3.794.800.109.863.280;3.681.099.853.515.620;37.145.001.220.703.100;1095000;00.00;00.00
2024-10-07 00:00:00-04:00;3.693.599.853.515.620;371.00.00;36.230.999.755.859.300;36.295.001.220.703.100;1749200;00.00;00.00
2024-10-08 00:00:00-04:00;3.665.799.865.722.650;3.719.530.029.296.870;3.650.299.987.792.960;3.703.800.048.828.120;1023500;00.00;00.00
2024-10-09 00:00:00-04:00;370.00.00;3.761.400.146.484.370;3.683.500.061.035.150;3.739.800.109.863.280;1061200;00.00;00.00
2024-10-10 00:00:00-04:00;375.00.00;38.276.800.537.109.300;375.00.00;378.00.00;1681000;00.00;00.00
2024-10-11 00:00:00-04:00;3.791.099.853.515.620;380.00.00;3.733.900.146.484.370;37.370.001.220.703.100;1260700;00.00;00.00
2024-10-14 00:00:00-04:00;375.00.00;37.717.999.267.578.100;3.702.300.109.863.280;372.05.00;949500;00.00;00.00
2024-10-15 00:00:00-04:00;3.736.099.853.515.620;37.420.001.220.703.100;3.642.560.119.628.900;3.726.000.061.035.150;1085300;00.00;00.00
2024-10-16 00:00:00-04:00;375.00.00;3.768.599.853.515.620;3.684.100.036.621.090;37.169.000.244.140.600;997000;00.00;00.00
2024-10-17 00:00:00-04:00;3.723.800.048.828.120;373.989.990.234.375;3.666.499.938.964.840;366.75;1242600;00.00;00.00
2024-10-18 00:00:00-04:00;370.00.00;3.842.099.914.550.780;3.694.200.134.277.340;3.788.800.048.828.120;1681000;00.00;00.00
2024-10-21 00:00:00-04:00;37.742.999.267.578.100;38.254.998.779.296.800;37.605.999.755.859.300;3.819.700.012.207.030;1092000;00.00;00.00
2024-10-22 00:00:00-04:00;381.989.990.234.375;3.894.800.109.863.280;38.179.998.779.296.800;3.876.300.048.828.120;1945600;00.00;00.00
2024-10-23 00:00:00-04:00;3.876.300.048.828.120;3.887.300.109.863.280;3.788.999.938.964.840;3.798.399.963.378.900;1289800;00.00;00.00
2024-10-24 00:00:00-04:00;382.00.00;3.835.899.963.378.900;3.760.299.987.792.960;3.768.699.951.171.870;897600;00.00;00.00
2024-10-25 00:00:00-04:00;37.670.001.220.703.100;383.00.00;376.00.00;3.791.600.036.621.090;789800;00.00;00.00
2024-10-28 00:00:00-04:00;388.00.00;38.855.499.267.578.100;3.811.000.061.035.150;3.843.599.853.515.620;1301100;00.00;00.00
2024-10-29 00:00:00-04:00;38.670.001.220.703.100;39.719.500.732.421.800;3.842.200.012.207.030;3.912.300.109.863.280;1922900;00.00;00.00
2024-10-30 00:00:00-04:00;39.167.999.267.578.100;39.567.999.267.578.100;3.891.400.146.484.370;3.940.199.890.136.710;1345900;00.00;00.00
2024-10-31 00:00:00-04:00;3.900.799.865.722.650;393.739.990.234.375;3.816.700.134.277.340;3.851.000.061.035.150;1786500;00.00;00.00
2024-11-01 00:00:00-04:00;382.510.009.765.625;3.893.299.865.722.650;3.806.300.048.828.120;384.05.00;1545700;00.00;00.00
2024-11-04 00:00:00-05:00;38.094.000.244.140.600;3.837.449.951.171.870;3.771.099.853.515.620;3.777.300.109.863.280;1235300;00.00;00.00
2024-11-05 00:00:00-05:00;3.802.699.890.136.710;38.407.000.732.421.800;3.783.800.048.828.120;3.826.300.048.828.120;1019500;00.00;00.00
2024-11-06 00:00:00-05:00;3.861.000.061.035.150;3.921.199.951.171.870;3.760.400.085.449.210;3.911.600.036.621.090;2029700;00.00;00.00
2024-11-07 00:00:00-05:00;399.00.00;403.760.009.765.625;3.914.200.134.277.340;3.998.399.963.378.900;2694500;00.00;00.00
2024-11-08 00:00:00-05:00;3.991.499.938.964.840;40.592.999.267.578.100;3.973.299.865.722.650;40.067.999.267.578.100;2038300;00.00;00.00
2024-11-11 00:00:00-05:00;4.051.099.853.515.620;41.295.001.220.703.100;4.047.900.085.449.210;41.019.000.244.140.600;3289900;00.00;00.00
2024-11-12 00:00:00-05:00;41.580.999.755.859.300;420.00.00;4.113.999.938.964.840;4.193.900.146.484.370;6596700;00.00;00.00
2024-11-13 00:00:00-05:00;460.260.009.765.625;473.00.00;445.00.00;4.673.699.951.171.870;12048800;00.00;00.00
2024-11-14 00:00:00-05:00;471.00.00;48.969.000.244.140.600;4.663.599.853.515.620;477.05.00;5040200;00.00;00.00
2024-11-15 00:00:00-05:00;474.00.00;474.00.00;4.575.400.085.449.210;45.832.000.732.421.800;3024200;00.00;00.00
2024-11-18 00:00:00-05:00;4.606.400.146.484.370;4.606.400.146.484.370;452.489.990.234.375;4.543.599.853.515.620;2949700;00.00;00.00
2024-11-19 00:00:00-05:00;45.429.998.779.296.800;4.652.099.914.550.780;450.00.00;4.638.299.865.722.650;2799600;00.00;00.00
2024-11-20 00:00:00-05:00;4.677.799.987.792.960;473.00.00;46.064.898.681.640.600;470.010.009.765.625;2386400;00.00;00.00
2024-11-21 00:00:00-05:00;4.682.200.012.207.030;4.736.199.951.171.870;4.655.039.978.027.340;47.070.001.220.703.100;2181500;00.00;00.00
2024-11-22 00:00:00-05:00;47.180.999.755.859.300;4.800.899.963.378.900;469.489.990.234.375;4.750.400.085.449.210;2296200;00.00;00.00
2024-11-25 00:00:00-05:00;4.833.500.061.035.150;4.854.599.914.550.780;4.668.800.048.828.120;4.813.800.048.828.120;27687700;00.00;00.00
2024-11-26 00:00:00-05:00;47.754.998.779.296.800;4.827.200.012.207.030;4.743.349.914.550.780;4.766.099.853.515.620;2660800;00.00;00.00
2024-11-27 00:00:00-05:00;48.029.998.779.296.800;4.842.900.085.449.210;47.317.498.779.296.800;475.239.990.234.375;2045400;00.00;00.00
2024-11-29 00:00:00-05:00;4.757.200.012.207.030;4.788.699.951.171.870;4.733.299.865.722.650;4.769.599.914.550.780;981200;00.00;00.00
2024-12-02 00:00:00-05:00;4.787.650.146.484.370;4.823.800.048.828.120;473.010.009.765.625;4.802.699.890.136.710;2040000;00.00;00.00
2024-12-03 00:00:00-05:00;4.772.799.987.792.960;494.00.00;477.00.00;49.332.000.732.421.800;2160300;00.00;00.00
2024-12-04 00:00:00-05:00;493.05.00;5.064.729.919.433.590;4.902.279.968.261.710;5.023.800.048.828.120;2489000;00.00;00.00
2024-12-05 00:00:00-05:00;4.926.000.061.035.150;49.505.999.755.859.300;4.806.600.036.621.090;493.510.009.765.625;2241000;00.00;00.00
2024-12-06 00:00:00-05:00;4.952.200.012.207.030;4.990.199.890.136.710;48.769.000.244.140.600;4.986.300.048.828.120;1841200;00.00;00.00
2024-12-09 00:00:00-05:00;4.965.199.890.136.710;497.00.00;481.00.00;4.825.199.890.136.710;2903300;00.00;00.00
2024-12-10 00:00:00-05:00;480.00.00;4.884.289.855.957.030;4.653.399.963.378.900;4.715.799.865.722.650;2783800;00.00;00.00
2024-12-11 00:00:00-05:00;4.749.800.109.863.280;47.894.000.244.140.600;4.695.050.048.828.120;4.769.100.036.621.090;1949000;00.00;00.00
2024-12-12 00:00:00-05:00;477.00.00;48.782.000.732.421.800;475.00.00;4.801.099.853.515.620;1607400;00.00;00.00
2024-12-13 00:00:00-05:00;4.795.849.914.550.780;4.846.000.061.035.150;4.745.400.085.449.210;48.330.999.755.859.300;1431700;00.00;00.00
2024-12-16 00:00:00-05:00;4.830.400.085.449.210;4.906.650.085.449.210;48.174.200.439.453.100;4.848.999.938.964.840;1398500;00.00;00.00
2024-12-17 00:00:00-05:00;4.799.100.036.621.090;48.382.000.732.421.800;47.170.001.220.703.100;4.743.699.951.171.870;1915400;00.00;00.00
2024-12-18 00:00:00-05:00;479.05.00;4.826.700.134.277.340;4.467.799.987.792.960;4.486.499.938.964.840;3386800;00.00;00.00
2024-12-19 00:00:00-05:00;4.539.200.134.277.340;4.607.799.987.792.960;450.010.009.765.625;4.541.600.036.621.090;1858000;00.00;00.00
2024-12-20 00:00:00-05:00;4.452.699.890.136.710;4.644.649.963.378.900;4.441.700.134.277.340;4.608.800.048.828.120;1834600;00.00;00.00
2024-12-23 00:00:00-05:00;462.00.00;462.05.00;451.00.00;4.562.900.085.449.210;1658900;00.00;00.00
2024-12-24 00:00:00-05:00;45.682.000.732.421.800;46.269.000.244.140.600;4.558.999.938.964.840;4.616.400.146.484.370;522300;00.00;00.00
2024-12-26 00:00:00-05:00;458.00.00;4.609.100.036.621.090;4.552.799.987.792.960;4.579.800.109.863.280;1145900;00.00;00.00
2024-12-27 00:00:00-05:00;4.561.199.951.171.870;459.00.00;4.494.949.951.171.870;4.564.800.109.863.280;963700;00.00;00.00
2024-12-30 00:00:00-05:00;450.00.00;4.551.700.134.277.340;4.448.500.061.035.150;4.517.900.085.449.210;1604800;00.00;00.00
2024-12-31 00:00:00-05:00;451.760.009.765.625;4.531.099.853.515.620;4.462.099.914.550.780;4.473.800.048.828.120;763800;00.00;00.00
2025-01-02 00:00:00-05:00;4.505.799.865.722.650;4.602.699.890.136.710;4.432.099.914.550.780;4.577.900.085.449.210;1092300;00.00;00.00
2025-01-03 00:00:00-05:00;45.995.001.220.703.100;47.279.998.779.296.800;459.05.00;46.669.000.244.140.600;1185700;00.00;00.00
2025-01-06 00:00:00-05:00;46.944.000.244.140.600;47.431.298.828.125;4.606.000.061.035.150;46.892.999.267.578.100;1751900;00.00;00.00
2025-01-07 00:00:00-05:00;472.00.00;4.729.700.012.207.030;4.547.130.126.953.120;46.392.999.267.578.100;1261000;00.00;00.00
2025-01-08 00:00:00-05:00;4.627.099.914.550.780;48.205.999.755.859.300;46.092.999.267.578.100;4.797.300.109.863.280;2154800;00.00;00.00
2025-01-10 00:00:00-05:00;476.00.00;47.942.999.267.578.100;456.25.00;4.595.299.987.792.960;2966200;00.00;00.00
2025-01-13 00:00:00-05:00;45.242.999.267.578.100;463.05.00;4.514.280.090.332.030;4.585.400.085.449.210;1344900;00.00;00.00
2025-01-14 00:00:00-05:00;4.633.900.146.484.370;4.693.900.146.484.370;4.603.299.865.722.650;4.635.899.963.378.900;1140500;00.00;00.00
2025-01-15 00:00:00-05:00;4.761.199.951.171.870;49.217.999.267.578.100;47.605.999.755.859.300;49.069.000.244.140.600;2053700;00.00;00.00
2025-01-16 00:00:00-05:00;49.080.999.755.859.300;5.004.800.109.863.280;4.882.300.109.863.280;4.903.399.963.378.900;1376900;00.00;00.00
2025-01-17 00:00:00-05:00;487.00.00;4.907.799.987.792.960;4.800.050.048.828.120;4.855.299.987.792.960;2021300;00.00;00.00
2025-01-21 00:00:00-05:00;4.973.599.853.515.620;5.008.599.853.515.620;4.765.199.890.136.710;487.510.009.765.625;2133300;00.00;00.00
2025-01-22 00:00:00-05:00;509.00.00;5.108.399.963.378.900;4.930.299.987.792.960;49.355.999.755.859.300;1867100;00.00;00.00
2025-01-23 00:00:00-05:00;490.00.00;5.016.099.853.515.620;48.800.201.416.015.600;501.05.00;892700;00.00;00.00
2025-01-24 00:00:00-05:00;50.782.000.732.421.800;512.010.009.765.625;5.014.750.061.035.150;51.042.999.267.578.100;1778100;00.00;00.00
2025-01-27 00:00:00-05:00;4.951.099.853.515.620;5.165.830.078.125;4.880.400.085.449.210;51.397.998.046.875;2445400;00.00;00.00
2025-01-28 00:00:00-05:00;518.00.00;5.369.949.951.171.870;510.718.994.140.625;5.307.999.877.929.680;2243400;00.00;00.00
2025-01-29 00:00:00-05:00;529.969.970.703.125;5.438.599.853.515.620;5.281.900.024.414.060;5.388.300.170.898.430;1902100;00.00;00.00
2025-01-30 00:00:00-05:00;544.00.00;5.583.099.975.585.930;5.415.850.219.726.560;5.501.300.048.828.120;2045500;00.00;00.00
2025-01-31 00:00:00-05:00;550.00.00;5.603.599.853.515.620;5.465.599.975.585.930;5.485.499.877.929.680;1561400;00.00;00.00
2025-02-03 00:00:00-05:00;5.389.199.829.101.560;5.546.959.838.867.180;5.348.939.819.335.930;5.490.800.170.898.430;2536300;00.00;00.00
2025-02-04 00:00:00-05:00;595.989.990.234.375;6.234.000.244.140.620;5.810.700.073.242.180;62.177.001.953.125;6757300;00.00;00.00
2025-02-05 00:00:00-05:00;6.088.499.755.859.370;63.077.001.953.125;6.072.999.877.929.680;626.00.00;4609100;00.00;00.00
2025-02-06 00:00:00-05:00;628.05.00;628.05.00;618.010.009.765.625;6.258.699.951.171.870;1857100;00.00;00.00
2025-02-07 00:00:00-05:00;6.283.699.951.171.870;6.324.500.122.070.310;6.206.900.024.414.060;622.989.990.234.375;2318500;00.00;00.00
2025-02-10 00:00:00-05:00;6.295.900.268.554.680;64.227.001.953.125;62.122.998.046.875;6.376.900.024.414.060;2133500;00.00;00.00
2025-02-11 00:00:00-05:00;628.00.00;6.354.500.122.070.310;6.190.020.141.601.560;6.231.500.244.140.620;1662100;00.00;00.00
2025-02-12 00:00:00-05:00;6.265.599.975.585.930;64.827.197.265.625;6.237.100.219.726.560;6.405.900.268.554.680;1804700;00.00;00.00
2025-02-13 00:00:00-05:00;6.471.199.951.171.870;6.526.279.907.226.560;6.400.499.877.929.680;6.483.200.073.242.180;1630100;00.00;00.00
2025-02-14 00:00:00-05:00;643.760.009.765.625;648.00.00;6.260.999.755.859.370;6.381.799.926.757.810;2120600;00.00;00.00
2025-02-18 00:00:00-05:00;6.390.399.780.273.430;64.697.998.046.875;6.256.400.146.484.370;6.305.599.975.585.930;1934400;00.00;00.00
2025-02-19 00:00:00-05:00;638.00.00;643.00.00;624.25.00;64.272.998.046.875;1474400;00.00;00.00
2025-02-20 00:00:00-05:00;635.05.00;6.387.899.780.273.430;6.151.500.244.140.620;63.677.001.953.125;1907700;00.00;00.00
2025-02-21 00:00:00-05:00;6.363.699.951.171.870;6.390.120.239.257.810;6.055.570.068.359.370;6.073.800.048.828.120;2198700;00.00;00.00
2025-02-24 00:00:00-05:00;6.122.999.877.929.680;6.219.099.731.445.310;59.297.998.046.875;6.016.099.853.515.620;2078600;00.00;00.00
2025-02-25 00:00:00-05:00;597.219.970.703.125;5.991.199.951.171.870;5.755.349.731.445.310;5.885.700.073.242.180;2822800;00.00;00.00
2025-02-26 00:00:00-05:00;5.956.199.951.171.870;6.085.289.916.992.180;5.928.900.146.484.370;6.031.300.048.828.120;2628900;00.00;00.00
2025-02-27 00:00:00-05:00;611.00.00;613.00.00;586.00.00;590.760.009.765.625;1191800;00.00;00.00
2025-02-28 00:00:00-05:00;584.25.00;6.099.199.829.101.560;580.00.00;608.010.009.765.625;4531900;00.00;00.00
2025-03-03 00:00:00-05:00;6.105.999.755.859.370;6.265.599.975.585.930;59.377.001.953.125;5.998.599.853.515.620;1576800;00.00;00.00
2025-03-04 00:00:00-05:00;588.25.00;5.907.100.219.726.560;5.600.999.755.859.370;5.841.400.146.484.370;2987500;00.00;00.00
2025-03-05 00:00:00-05:00;58.427.001.953.125;58.727.001.953.125;5.690.800.170.898.430;5.868.300.170.898.430;1790200;00.00;00.00
2025-03-06 00:00:00-05:00;570.010.009.765.625;5.813.400.268.554.680;534.219.970.703.125;5.434.099.731.445.310;2964300;00.00;00.00
2025-03-07 00:00:00-05:00;54.052.001.953.125;5.488.400.268.554.680;506.489.990.234.375;5.320.999.755.859.370;3827000;00.00;00.00
2025-03-10 00:00:00-04:00;5.081.199.951.171.870;5.132.000.122.070.310;4.836.499.938.964.840;489.239.990.234.375;5814600;00.00;00.00
2025-03-11 00:00:00-04:00;4.903.999.938.964.840;513.780.029.296.875;4.871.600.036.621.090;50.844.000.244.140.600;4055800;00.00;00.00
2025-03-12 00:00:00-04:00;5.444.600.219.726.560;552.655.029.296.875;52.414.501.953.125;5.358.400.268.554.680;3695500;00.00;00.00
2025-03-13 00:00:00-04:00;5.345.999.755.859.370;54.539.501.953.125;525.489.990.234.375;5.379.099.731.445.310;2532100;00.00;00.00
2025-03-14 00:00:00-04:00;5.482.550.048.828.120;5.766.199.951.171.870;5.469.500.122.070.310;5.747.899.780.273.430;3240400;00.00;00.00
2025-03-17 00:00:00-04:00;5.700.700.073.242.180;6.041.099.853.515.620;5.700.700.073.242.180;5.974.600.219.726.560;2802900;00.00;00.00
2025-03-18 00:00:00-04:00;5.932.999.877.929.680;6.032.000.122.070.310;564.00.00;56.947.998.046.875;2288700;00.00;00.00
2025-03-19 00:00:00-04:00;571.969.970.703.125;5.946.890.258.789.060;5.574.099.731.445.310;58.622.998.046.875;2239700;00.00;00.00
2025-03-20 00:00:00-04:00;580.00.00;5.981.599.731.445.310;580.00.00;5.945.499.877.929.680;2526700;00.00;00.00
2025-03-21 00:00:00-04:00;5.918.699.951.171.870;6.032.100.219.726.560;5.866.500.244.140.620;5.999.400.024.414.060;2544200;00.00;00.00
2025-03-24 00:00:00-04:00;617.00.00;6.181.370.239.257.810;5.970.900.268.554.680;6.047.100.219.726.560;1923100;00.00;00.00
2025-03-25 00:00:00-04:00;6.068.699.951.171.870;6.212.000.122.070.310;606.00.00;6.158.800.048.828.120;1573400;00.00;00.00
2025-03-26 00:00:00-04:00;6.075.800.170.898.430;6.100.150.146.484.370;5.749.600.219.726.560;5.763.499.755.859.370;2825600;00.00;00.00
2025-03-27 00:00:00-04:00;5.691.500.244.140.620;58.872.998.046.875;5.625.700.073.242.180;580.219.970.703.125;2206100;00.00;00.00
2025-03-28 00:00:00-04:00;5.766.699.829.101.560;5.908.300.170.898.430;556.00.00;5.611.599.731.445.310;1921300;00.00;00.00
2025-03-31 00:00:00-04:00;545.00.00;5.513.900.146.484.370;5.258.060.302.734.370;550.030.029.296.875;3179600;00.00;00.00
2025-04-01 00:00:00-04:00;5.472.000.122.070.310;5.528.599.853.515.620;540.00.00;55.172.998.046.875;1612700;00.00;00.00
2025-04-02 00:00:00-04:00;5.451.799.926.757.810;5.789.400.024.414.060;54.297.998.046.875;5.654.099.731.445.310;1933100;00.00;00.00
2025-04-03 00:00:00-04:00;5.446.900.024.414.060;56.972.998.046.875;5.406.699.829.101.560;5.584.199.829.101.560;2962600;00.00;00.00
2025-04-04 00:00:00-04:00;535.00.00;5.394.000.244.140.620;49.519.000.244.140.600;50.329.998.779.296.800;4150300;00.00;00.00
2025-04-07 00:00:00-04:00;477.510.009.765.625;555.00.00;475.010.009.765.625;518.969.970.703.125;3893900;00.00;00.00
2025-04-08 00:00:00-04:00;558.00.00;558.00.00;50.779.998.779.296.800;5.183.499.755.859.370;3305900;00.00;00.00
2025-04-09 00:00:00-04:00;513.989.990.234.375;5.773.060.302.734.370;51.170.001.220.703.100;5.690.599.975.585.930;3519000;00.00;00.00
2025-04-10 00:00:00-04:00;5.609.000.244.140.620;566.00.00;537.00.00;55.302.001.953.125;1990400;00.00;00.00
2025-04-11 00:00:00-04:00;5.524.099.731.445.310;5.670.900.268.554.680;542.00.00;5.436.599.731.445.310;2154400;00.00;00.00
2025-04-14 00:00:00-04:00;562.00.00;565.00.00;539.655.029.296.875;5.491.699.829.101.560;2124800;00.00;00.00
2025-04-15 00:00:00-04:00;556.00.00;5.778.099.975.585.930;5.485.449.829.101.560;5.723.900.146.484.370;2285000;00.00;00.00
2025-04-16 00:00:00-04:00;56.447.998.046.875;5.736.799.926.757.810;553.00.00;5.630.700.073.242.180;1895800;00.00;00.00
2025-04-17 00:00:00-04:00;5.657.899.780.273.430;5.784.500.122.070.310;5.601.610.107.421.870;574.25.00;1733200;00.00;00.00
2025-04-21 00:00:00-04:00;584.00.00;5.938.400.268.554.680;55.560.498.046.875;5.588.200.073.242.180;1854600;00.00;00.00
2025-04-22 00:00:00-04:00;5.738.499.755.859.370;5.989.000.244.140.620;572.25.00;5.903.900.146.484.370;2593000;00.00;00.00
2025-04-23 00:00:00-04:00;610.00.00;6.140.999.755.859.370;5.873.599.853.515.620;5.927.000.122.070.310;1921700;00.00;00.00
2025-04-24 00:00:00-04:00;5.938.699.951.171.870;6.118.619.995.117.180;5.938.699.951.171.870;6.059.500.122.070.310;1556600;00.00;00.00
2025-04-25 00:00:00-04:00;604.989.990.234.375;6.240.900.268.554.680;59.927.001.953.125;620.719.970.703.125;2586400;00.00;00.00
2025-04-28 00:00:00-04:00;627.05.00;627.05.00;595.00.00;59.772.998.046.875;3939400;00.00;00.00
2025-04-29 00:00:00-04:00;558.00.00;591.00.00;5.400.999.755.859.370;5.769.400.024.414.060;10270300;00.00;00.00
2025-04-30 00:00:00-04:00;5.717.999.877.929.680;615.25.00;56.502.001.953.125;61.397.998.046.875;4234000;00.00;00.00
2025-05-01 00:00:00-04:00;6.060.999.755.859.370;6.108.800.048.828.120;594.00.00;602.260.009.765.625;2329200;00.00;00.00
2025-05-02 00:00:00-04:00;61.497.998.046.875;6.533.200.073.242.180;612.00.00;644.00.00;4851700;00.00;00.00
2025-05-05 00:00:00-04:00;6.285.800.170.898.430;646.00.00;6.256.099.853.515.620;6.376.500.244.140.620;1720000;00.00;00.00
2025-05-06 00:00:00-04:00;6.322.000.122.070.310;63.997.998.046.875;6.279.199.829.101.560;6.328.499.755.859.370;1421700;00.00;00.00
2025-05-07 00:00:00-04:00;6.330.900.268.554.680;660.00.00;6.330.900.268.554.680;6.570.999.755.859.370;2593200;00.00;00.00
2025-05-08 00:00:00-04:00;659.00.00;6.635.499.877.929.680;6.436.300.048.828.120;655.260.009.765.625;1633100;00.00;00.00
2025-05-09 00:00:00-04:00;659.00.00;6.608.070.068.359.370;6.384.299.926.757.810;648.25.00;1211500;00.00;00.00
2025-05-12 00:00:00-04:00;6.279.299.926.757.810;6.322.100.219.726.560;602.00.00;6.208.099.975.585.930;3746500;00.00;00.00
2025-05-13 00:00:00-04:00;6.265.399.780.273.430;6.354.580.078.125;6.151.199.951.171.870;6.200.700.073.242.180;2404200;00.00;00.00
2025-05-14 00:00:00-04:00;617.05.00;640.219.970.703.125;617.05.00;63.322.998.046.875;2293100;00.00;00.00
2025-05-15 00:00:00-04:00;6.286.199.951.171.870;647.469.970.703.125;626.00.00;6.401.799.926.757.810;1462100;00.00;00.00
2025-05-16 00:00:00-04:00;648.05.00;6.585.230.102.539.060;646.00.00;6.562.999.877.929.680;2231400;00.00;00.00
2025-05-19 00:00:00-04:00;649.00.00;669.00.00;6.460.800.170.898.430;6.646.199.951.171.870;1977300;00.00;00.00
2025-05-20 00:00:00-04:00;6.626.599.731.445.310;6.638.900.146.484.370;6.511.199.951.171.870;6.586.099.853.515.620;1390200;00.00;00.00
2025-05-21 00:00:00-04:00;6.561.199.951.171.870;6.633.900.146.484.370;638.00.00;643.00.00;2158600;00.00;00.00
2025-05-22 00:00:00-04:00;6.460.999.755.859.370;651.010.009.765.625;635.25.00;636.75;2505100;00.00;00.00
2025-05-23 00:00:00-04:00;6.341.099.853.515.620;6.585.189.819.335.930;6.289.000.244.140.620;6.538.200.073.242.180;1885100;00.00;00.00
2025-05-27 00:00:00-04:00;65.597.998.046.875;671.239.990.234.375;6.526.900.024.414.060;6.534.000.244.140.620;1706100;00.00;00.00
2025-05-28 00:00:00-04:00;6.528.800.048.828.120;6.645.399.780.273.430;6.511.290.283.203.120;6.639.600.219.726.560;1299400;00.00;00.00
2025-05-29 00:00:00-04:00;6.598.499.755.859.370;665.00.00;634.260.009.765.625;6.366.699.829.101.560;1939900;00.00;00.00
2025-05-30 00:00:00-04:00;645.00.00;669.260.009.765.625;6.372.000.122.070.310;6.651.400.146.484.370;3167400;00.00;00.00
2025-06-02 00:00:00-04:00;660.00.00;6.749.990.234.375;6.568.400.268.554.680;672.00.00;1861400;00.00;00.00
2025-06-03 00:00:00-04:00;675.760.009.765.625;6.785.700.073.242.180;6.659.000.244.140.620;6.710.700.073.242.180;1496700;00.00;00.00
2025-06-04 00:00:00-04:00;677.00.00;7.081.900.024.414.060;6.760.250.244.140.620;7.010.800.170.898.430;2524700;00.00;00.00
2025-06-05 00:00:00-04:00;7.041.799.926.757.810;7.178.699.951.171.870;7.009.199.829.101.560;7.128.200.073.242.180;2005700;00.00;00.00
2025-06-06 00:00:00-04:00;714.25.00;7.166.400.146.484.370;70.747.998.046.875;712.260.009.765.625;937200;00.00;00.00
2025-06-09 00:00:00-04:00;7.086.900.024.414.060;71.085.498.046.875;6.895.900.268.554.680;6.991.099.853.515.620;1145500;00.00;00.00
2025-06-10 00:00:00-04:00;70.422.998.046.875;7.060.250.244.140.620;6.723.599.853.515.620;6.933.200.073.242.180;1695200;00.00;00.00
2025-06-11 00:00:00-04:00;695.00.00;7.147.100.219.726.560;692.00.00;7.091.400.146.484.370;1238600;00.00;00.00
2025-06-12 00:00:00-04:00;707.010.009.765.625;710.00.00;696.00.00;7.028.200.073.242.180;1021400;00.00;00.00
2025-06-13 00:00:00-04:00;694.760.009.765.625;7.108.900.146.484.370;6.912.100.219.726.560;7.108.499.755.859.370;1125800;00.00;00.00
2025-06-16 00:00:00-04:00;7.091.500.244.140.620;7.237.000.122.070.310;7.091.500.244.140.620;7.155.700.073.242.180;1340000;00.00;00.00
2025-06-17 00:00:00-04:00;7.175.499.877.929.680;7.287.999.877.929.680;7.107.050.170.898.430;721.280.029.296.875;1099400;00.00;00.00
2025-06-18 00:00:00-04:00;719.469.970.703.125;723.989.990.234.375;70.347.998.046.875;7.101.900.024.414.060;1602400;00.00;00.00
2025-06-20 00:00:00-04:00;714.05.00;7.237.100.219.726.560;7.069.099.731.445.310;7.074.199.829.101.560;1528500;00.00;00.00
2025-06-23 00:00:00-04:00;7.071.799.926.757.810;7.328.599.853.515.620;702.00.00;7.311.500.244.140.620;1855500;00.00;00.00
2025-06-24 00:00:00-04:00;7.339.000.244.140.620;7.542.119.750.976.560;7.297.949.829.101.560;7.499.099.731.445.310;1591100;00.00;00.00
2025-06-25 00:00:00-04:00;7.527.000.122.070.310;7.591.699.829.101.560;7.356.069.946.289.060;7.362.999.877.929.680;1159600;00.00;00.00
2025-06-26 00:00:00-04:00;7.445.800.170.898.430;777.385.009.765.625;742.625;7.759.000.244.140.620;2555300;00.00;00.00
2025-06-27 00:00:00-04:00;7.802.999.877.929.680;785.00.00;7.670.170.288.085.930;7.725.999.755.859.370;2793900;00.00;00.00
2025-06-30 00:00:00-04:00;776.989.990.234.375;7.783.300.170.898.430;750.280.029.296.875;7.673.400.268.554.680;1933300;00.00;00.00
2025-07-01 00:00:00-04:00;7.669.299.926.757.810;7.697.100.219.726.560;718.030.029.296.875;7.223.499.755.859.370;2725700;00.00;00.00
2025-07-02 00:00:00-04:00;725.00.00;734.00.00;70.397.998.046.875;709.05.00;2788500;00.00;00.00
2025-07-03 00:00:00-04:00;713.00.00;7.255.499.877.929.680;7.045.499.877.929.680;7.250.499.877.929.680;1078900;00.00;00.00
2025-07-07 00:00:00-04:00;721.719.970.703.125;7.376.900.024.414.060;712.00.00;7.362.899.780.273.430;1556400;00.00;00.00
2025-07-08 00:00:00-04:00;7.384.500.122.070.310;743.989.990.234.375;709.989.990.234.375;7.213.900.146.484.370;1774500;00.00;00.00
2025-07-09 00:00:00-04:00;7.224.400.024.414.060;73.197.998.046.875;713.05.00;7.221.199.951.171.870;1362400;00.00;00.00
2025-07-10 00:00:00-04:00;7.205.700.073.242.180;726.823.974.609.375;699.00.00;7.099.500.122.070.310;1337800;00.00;00.00
2025-07-11 00:00:00-04:00;709.00.00;7.140.999.755.859.370;6.998.250.122.070.310;7.091.500.244.140.620;1267500;00.00;00.00
2025-07-14 00:00:00-04:00;7.118.900.146.484.370;7.238.699.951.171.870;7.071.500.244.140.620;717.489.990.234.375;1256700;00.00;00.00
2025-07-15 00:00:00-04:00;717.489.990.234.375;718.239.990.234.375;6.966.599.731.445.310;7.104.600.219.726.560;1809700;00.00;00.00
2025-07-16 00:00:00-04:00;705.489.990.234.375;7.128.499.755.859.370;698.635.009.765.625;7.055.499.877.929.680;1335900;00.00;00.00
2025-07-17 00:00:00-04:00;7.030.800.170.898.430;7.247.750.244.140.620;69.347.998.046.875;7.209.099.731.445.310;1658800;00.00;00.00
2025-07-18 00:00:00-04:00;7.131.500.244.140.620;719.00.00;685.469.970.703.125;69.547.998.046.875;2149900;00.00;00.00
2025-07-21 00:00:00-04:00;692.75;707.510.009.765.625;6.891.329.956.054.680;7.068.800.048.828.120;1296400;00.00;00.00
2025-07-22 00:00:00-04:00;709.489.990.234.375;7.131.699.829.101.560;674.989.990.234.375;675.739.990.234.375;2041700;00.00;00.00
2025-07-23 00:00:00-04:00;680.00.00;680.00.00;665.25.00;6.744.600.219.726.560;2190300;00.00;00.00
2025-07-24 00:00:00-04:00;6.941.500.244.140.620;699.05.00;6.781.900.024.414.060;6.814.199.829.101.560;1906000;00.00;00.00
2025-07-25 00:00:00-04:00;681.530.029.296.875;7.022.999.877.929.680;67.872.998.046.875;6.930.999.755.859.370;1757100;00.00;00.00
2025-07-28 00:00:00-04:00;686.219.970.703.125;710.00.00;6.860.679.931.640.620;70.097.998.046.875;2030400;00.00;00.00
2025-07-29 00:00:00-04:00;657.530.029.296.875;663.989.990.234.375;6.156.300.048.828.120;620.010.009.765.625;11468100;00.00;00.00
2025-07-30 00:00:00-04:00;623.00.00;657.780.029.296.875;619.00.00;650.469.970.703.125;5872200;00.00;00.00
2025-07-31 00:00:00-04:00;6.548.099.975.585.930;662.00.00;6.244.949.951.171.870;6.265.399.780.273.430;3678700;00.00;00.00
2025-08-01 00:00:00-04:00;622.00.00;641.25.00;6.189.240.112.304.680;6.271.500.244.140.620;2531500;00.00;00.00
2025-08-04 00:00:00-04:00;661.00.00;677.00.00;6.585.800.170.898.430;6.585.900.268.554.680;3764900;00.00;00.00
2025-08-05 00:00:00-04:00;655.00.00;65.964.501.953.125;6.374.299.926.757.810;647.00.00;2135900;00.00;00.00
2025-08-06 00:00:00-04:00;651.780.029.296.875;6.672.369.995.117.180;645.969.970.703.125;6.668.099.975.585.930;2208200;00.00;00.00
2025-08-07 00:00:00-04:00;668.00.00;6.904.099.731.445.310;668.00.00;686.739.990.234.375;2444900;00.00;00.00
2025-08-08 00:00:00-04:00;6.929.199.829.101.560;71.727.001.953.125;690.05.00;7.058.900.146.484.370;2362000;00.00;00.00
2025-08-11 00:00:00-04:00;705.00.00;705.00.00;689.219.970.703.125;68.922.998.046.875;1314300;00.00;00.00
2025-08-12 00:00:00-04:00;6.941.500.244.140.620;6.953.499.755.859.370;67.377.001.953.125;6.893.499.755.859.370;1141500;00.00;00.00
2025-08-13 00:00:00-04:00;689.719.970.703.125;6.956.300.048.828.120;6.820.900.268.554.680;695.00.00;1359900;00.00;00.00
2025-08-14 00:00:00-04:00;6.937.100.219.726.560;7.071.699.829.101.560;687.010.009.765.625;698.05.00;1423800;00.00;00.00
2025-08-15 00:00:00-04:00;725.00.00;7.482.999.877.929.680;721.00.00;7.328.099.975.585.930;3006000;00.00;00.00
2025-08-18 00:00:00-04:00;734.00.00;7.437.750.244.140.620;723.00.00;7.280.700.073.242.180;1477200;00.00;00.00
2025-08-19 00:00:00-04:00;725.00.00;7.366.799.926.757.810;7.191.630.249.023.430;7.193.499.755.859.370;1568200;00.00;00.00
2025-08-20 00:00:00-04:00;7.155.399.780.273.430;7.186.500.244.140.620;688.05.00;7.037.899.780.273.430;1566800;00.00;00.00
2025-08-21 00:00:00-04:00;7.037.899.780.273.430;704.00.00;679.989.990.234.375;689.469.970.703.125;1614500;00.00;00.00
2025-08-22 00:00:00-04:00;690.00.00;701.093.994.140.625;6.850.900.268.554.680;692.989.990.234.375;937200;00.00;00.00
2025-08-25 00:00:00-04:00;6.990.900.268.554.680;7.147.999.877.929.680;6.940.999.755.859.370;6.947.899.780.273.430;1270300;00.00;00.00
2025-08-26 00:00:00-04:00;6.947.899.780.273.430;6.983.350.219.726.560;6.807.000.122.070.310;696.469.970.703.125;1731400;00.00;00.00
2025-08-27 00:00:00-04:00;6.940.599.975.585.930;6.993.699.951.171.870;6.869.099.731.445.310;692.989.990.234.375;901600;00.00;00.00
2025-08-28 00:00:00-04:00;69.172.998.046.875;695.780.029.296.875;6.823.200.073.242.180;6.877.999.877.929.680;1017200;00.00;00.00
2025-08-29 00:00:00-04:00;6.889.600.219.726.560;6.908.900.146.484.370;673.05.00;6.818.800.048.828.120;1004100;00.00;00.00
2025-09-02 00:00:00-04:00;6.698.099.975.585.930;6.917.000.122.070.310;6.630.599.975.585.930;6.896.199.951.171.870;1044700;00.00;00.00
2025-09-03 00:00:00-04:00;6.936.900.024.414.060;7.111.749.877.929.680;6.891.010.131.835.930;6.973.300.170.898.430;1133900;00.00;00.00
2025-09-04 00:00:00-04:00;6.942.000.122.070.310;7.076.500.244.140.620;6.941.500.244.140.620;7.038.499.755.859.370;1336900;00.00;00.00
2025-09-05 00:00:00-04:00;711.00.00;716.05.00;6.903.200.073.242.180;7.071.900.024.414.060;1211300;00.00;00.00
2025-09-08 00:00:00-04:00;7.109.000.244.140.620;7.205.499.877.929.680;7.063.099.975.585.930;718.280.029.296.875;1183400;00.00;00.00
2025-09-09 00:00:00-04:00;7.155.700.073.242.180;727.00.00;710.489.990.234.375;7.191.599.731.445.310;945600;00.00;00.00
2025-09-10 00:00:00-04:00;720.780.029.296.875;725.00.00;700.00.00;7.040.900.268.554.680;1181000;00.00;00.00
2025-09-11 00:00:00-04:00;7.011.300.048.828.120;703.05.00;6.770.700.073.242.180;6.903.099.975.585.930;2153300;00.00;00.00
2025-09-12 00:00:00-04:00;6.918.699.951.171.870;6.977.999.877.929.680;686.00.00;6.964.000.244.140.620;1170600;00.00;00.00
2025-09-15 00:00:00-04:00;6.988.699.951.171.870;712.00.00;6.964.000.244.140.620;7.030.999.755.859.370;1221000;00.00;00.00
2025-09-16 00:00:00-04:00;715.00.00;715.00.00;6.937.000.122.070.310;7.040.599.975.585.930;1573500;00.00;00.00
2025-09-17 00:00:00-04:00;70.622.998.046.875;7.101.950.073.242.180;6.889.600.219.726.560;7.071.900.024.414.060;1156200;00.00;00.00
2025-09-18 00:00:00-04:00;715.00.00;745.00.00;7.113.400.268.554.680;7.341.199.951.171.870;2514700;00.00;00.00
2025-09-19 00:00:00-04:00;7.309.199.829.101.560;7.388.699.951.171.870;7.281.649.780.273.430;7.349.199.829.101.560;1545800;00.00;00.00
2025-09-22 00:00:00-04:00;730.25.00;7.402.009.887.695.310;726.719.970.703.125;738.530.029.296.875;988800;00.00;00.00
2025-09-23 00:00:00-04:00;7.361.400.146.484.370;740.00.00;7.168.499.755.859.370;7.189.400.024.414.060;991800;00.00;00.00
2025-09-24 00:00:00-04:00;7.153.499.755.859.370;719.739.990.234.375;6.993.200.073.242.180;7.086.500.244.140.620;1405500;00.00;00.00
2025-09-25 00:00:00-04:00;698.760.009.765.625;719.75;695.969.970.703.125;7.126.199.951.171.870;1238200;00.00;00.00
2025-09-26 00:00:00-04:00;7.126.199.951.171.870;716.530.029.296.875;7.044.400.024.414.060;716.530.029.296.875;1198600;00.00;00.00
2025-09-29 00:00:00-04:00;7.269.099.731.445.310;740.00.00;7.202.750.244.140.620;728.469.970.703.125;965500;00.00;00.00
2025-09-30 00:00:00-04:00;705.260.009.765.625;711.00.00;677.989.990.234.375;698.00.00;4130600;00.00;00.00
2025-10-01 00:00:00-04:00;699.05.00;7.216.699.829.101.560;697.780.029.296.875;7.006.799.926.757.810;2172300;00.00;00.00
2025-10-02 00:00:00-04:00;700.00.00;7.168.599.853.515.620;698.489.990.234.375;7.072.999.877.929.680;1347000;00.00;00.00
2025-10-03 00:00:00-04:00;7.064.400.024.414.060;7.085.499.877.929.680;680.239.990.234.375;680.05.00;1731800;00.00;00.00
2025-10-06 00:00:00-04:00;68.427.001.953.125;6.988.499.755.859.370;6.754.500.122.070.310;680.280.029.296.875;1289500;00.00;00.00
2025-10-07 00:00:00-04:00;67.997.998.046.875;683.00.00;670.05.00;6.804.400.024.414.060;1255500;00.00;00.00
2025-10-08 00:00:00-04:00;6.893.800.048.828.120;696.05.00;673.05.00;674.75;1431600;00.00;00.00
2025-10-09 00:00:00-04:00;6.737.000.122.070.310;6.750.399.780.273.430;666.00.00;6.736.599.731.445.310;1164700;00.00;00.00
2025-10-10 00:00:00-04:00;673.719.970.703.125;6.895.499.877.929.680;670.00.00;6.852.899.780.273.430;1377300;00.00;00.00
2025-10-13 00:00:00-04:00;6.800.800.170.898.430;694.969.970.703.125;6.752.650.146.484.370;6.920.399.780.273.430;1039000;00.00;00.00
2025-10-14 00:00:00-04:00;684.760.009.765.625;7.001.199.951.171.870;6.749.390.258.789.060;683.510.009.765.625;1214600;00.00;00.00
2025-10-15 00:00:00-04:00;6.898.400.268.554.680;6.898.400.268.554.680;6.708.099.975.585.930;6.712.999.877.929.680;1103700;00.00;00.00
2025-10-16 00:00:00-04:00;6.717.999.877.929.680;6.790.399.780.273.430;661.00.00;6.644.600.219.726.560;1293500;00.00;00.00
2025-10-17 00:00:00-04:00;660.00.00;6.753.499.755.859.370;656.25.00;67.152.001.953.125;1200900;00.00;00.00
2025-10-20 00:00:00-04:00;6.701.300.048.828.120;682.25.00;667.05.00;675.530.029.296.875;1077500;00.00;00.00
2025-10-21 00:00:00-04:00;685.00.00;6.969.500.122.070.310;682.469.970.703.125;6.892.100.219.726.560;1540900;00.00;00.00
2025-10-22 00:00:00-04:00;680.00.00;6.866.799.926.757.810;656.510.009.765.625;6.756.199.951.171.870;1683100;00.00;00.00
2025-10-23 00:00:00-04:00;680.00.00;6.839.600.219.726.560;668.010.009.765.625;6.738.599.853.515.620;1294700;00.00;00.00
2025-10-24 00:00:00-04:00;6.762.000.122.070.310;6.766.699.829.101.560;6.448.300.170.898.430;645.780.029.296.875;2131500;00.00;00.00
2025-10-27 00:00:00-04:00;6.484.400.024.414.060;6.615.399.780.273.430;6.404.000.244.140.620;6.577.999.877.929.680;2317000;00.00;00.00
2025-10-28 00:00:00-04:00;6.609.299.926.757.810;6.697.000.122.070.310;6.531.799.926.757.810;6.534.299.926.757.810;1600200;00.00;00.00
2025-10-29 00:00:00-04:00;6.514.299.926.757.810;6.731.599.731.445.310;6.509.400.024.414.060;6.656.699.829.101.560;1590800;00.00;00.00
2025-10-30 00:00:00-04:00;661.989.990.234.375;6.704.199.829.101.560;6.515.599.975.585.930;6.566.799.926.757.810;1165600;00.00;00.00
2025-10-31 00:00:00-04:00;6.618.800.048.828.120;6.681.699.829.101.560;6.548.400.268.554.680;6.553.200.073.242.180;1609900;00.00;00.00
2025-11-03 00:00:00-05:00;6.531.500.244.140.620;6.616.900.024.414.060;6.405.599.975.585.930;6.440.900.268.554.680;3972500;00.00;00.00
2025-11-04 00:00:00-05:00;6.251.799.926.757.810;6.505.809.936.523.430;6.031.500.244.140.620;6.295.999.755.859.370;4318400;00.00;00.00
2025-11-05 00:00:00-05:00;626.00.00;650.739.990.234.375;617.00.00;620.00.00;2131400;00.00;00.00
2025-11-06 00:00:00-05:00;620.00.00;6.297.999.877.929.680;6.116.799.926.757.810;6.182.000.122.070.310;1839900;00.00;00.00
2025-11-07 00:00:00-05:00;6.104.600.219.726.560;6.206.500.244.140.620;6.062.059.936.523.430;6.169.099.731.445.310;1845500;00.00;00.00
2025-11-10 00:00:00-05:00;620.00.00;626.655.029.296.875;6.147.899.780.273.430;6.229.299.926.757.810;1658500;00.00;00.00
2025-11-11 00:00:00-05:00;6.205.599.975.585.930;6.416.199.951.171.870;62.047.998.046.875;6.395.800.170.898.430;1217600;00.00;00.00
2025-11-12 00:00:00-05:00;6.411.099.853.515.620;6.545.999.755.859.370;6.310.999.755.859.370;6.478.699.951.171.870;1327900;00.00;00.00
2025-11-13 00:00:00-05:00;651.010.009.765.625;6.684.949.951.171.870;637.05.00;6.453.300.170.898.430;2067300;00.00;00.00
2025-11-14 00:00:00-05:00;6.377.899.780.273.430;6.546.799.926.757.810;6.331.099.853.515.620;635.75;1440800;00.00;00.00
2025-11-17 00:00:00-05:00;633.260.009.765.625;6.445.700.073.242.180;629.00.00;6.406.199.951.171.870;1342700;00.00;00.00
2025-11-18 00:00:00-05:00;63.422.998.046.875;6.416.599.731.445.310;6.256.300.048.828.120;6.364.500.122.070.310;982800;00.00;00.00
2025-11-19 00:00:00-05:00;636.00.00;6.391.099.853.515.620;61.702.001.953.125;618.530.029.296.875;958600;00.00;00.00
2025-11-20 00:00:00-05:00;6.196.500.244.140.620;622.75;5.870.700.073.242.180;58.922.998.046.875;2498900;00.00;00.00
2025-11-21 00:00:00-05:00;585.00.00;5.928.099.975.585.930;581.447.998.046.875;5.836.099.853.515.620;2035200;00.00;00.00
2025-11-24 00:00:00-05:00;5.826.099.853.515.620;5.861.699.829.101.560;567.530.029.296.875;58.497.998.046.875;4137600;00.00;00.00
2025-11-25 00:00:00-05:00;5.966.799.926.757.810;6.023.699.951.171.870;5.777.789.916.992.180;585.469.970.703.125;2683400;00.00;00.00
2025-11-26 00:00:00-05:00;590.00.00;60.102.001.953.125;5.879.600.219.726.560;5.926.900.024.414.060;1916600;00.00;00.00
2025-11-28 00:00:00-05:00;5.966.199.951.171.870;6.031.900.024.414.060;5.911.699.829.101.560;5.988.699.951.171.870;810600;00.00;00.00
2025-12-01 00:00:00-05:00;5.941.599.731.445.310;5.954.249.877.929.680;5.767.670.288.085.930;5.788.900.146.484.370;2278500;00.00;00.00
2025-12-02 00:00:00-05:00;5.801.849.975.585.930;582.00.00;5.734.299.926.757.810;5.767.899.780.273.430;1855500;00.00;00.00
2025-12-03 00:00:00-05:00;5.729.099.731.445.310;575.00.00;554.239.990.234.375;5.571.699.829.101.560;2883800;00.00;00.00
2025-12-04 00:00:00-05:00;557.219.970.703.125;5.610.800.170.898.430;5.501.199.951.171.870;560.969.970.703.125;2294000;00.00;00.00
2025-12-05 00:00:00-05:00;562.989.990.234.375;5.767.899.780.273.430;559.780.029.296.875;5.649.299.926.757.810;1883400;00.00;00.00
2025-12-08 00:00:00-05:00;566.00.00;5.725.700.073.242.180;54.872.998.046.875;5.723.499.755.859.370;2698400;00.00;00.00
2025-12-09 00:00:00-05:00;577.00.00;5.962.050.170.898.430;574.00.00;5.896.699.829.101.560;3067200;00.00;00.00
2025-12-10 00:00:00-05:00;590.00.00;6.095.900.268.554.680;584.989.990.234.375;6.094.099.731.445.310;2953700;00.00;00.00
2025-12-11 00:00:00-05:00;6.067.999.877.929.680;619.958.984.375;5.980.800.170.898.430;5.988.699.951.171.870;1754200;00.00;00.00
2025-12-12 00:00:00-05:00;5.989.000.244.140.620;606.489.990.234.375;5.970.499.877.929.680;5.977.999.877.929.680;1570300;00.00;00.00
2025-12-15 00:00:00-05:00;595.75;596.989.990.234.375;5.730.800.170.898.430;5.771.500.244.140.620;1775200;00.00;00.00
2025-12-16 00:00:00-05:00;575.00.00;582.05.00;563.301.025.390.625;5.790.700.073.242.180;1593700;00.00;00.00
2025-12-17 00:00:00-05:00;580.00.00;588.00.00;562.280.029.296.875;56.622.998.046.875;1935600;00.00;00.00
2025-12-18 00:00:00-05:00;569.75;5.767.000.122.070.310;562.719.970.703.125;5.638.200.073.242.180;1368600;00.00;00.00
2025-12-19 00:00:00-05:00;5.711.900.024.414.060;5.879.299.926.757.810;568.00.00;5.821.599.731.445.310;1966300;00.00;00.00
2025-12-22 00:00:00-05:00;580.00.00;585.00.00;5.765.900.268.554.680;5.787.999.877.929.680;1285100;00.00;00.00
2025-12-23 00:00:00-05:00;5.805.499.877.929.680;5.818.099.975.585.930;578.00.00;5.793.900.146.484.370;670100;00.00;00.00
2025-12-24 00:00:00-05:00;5.765.900.268.554.680;5.879.099.731.445.310;5.763.099.975.585.930;5.865.700.073.242.180;665200;00.00;00.00
2025-12-26 00:00:00-05:00;5.850.700.073.242.180;58.852.001.953.125;58.002.001.953.125;5.843.499.755.859.370;565300;00.00;00.00
2025-12-29 00:00:00-05:00;5.838.800.048.828.120;586.530.029.296.875;5.772.999.877.929.680;5.811.900.024.414.060;1322400;00.00;00.00
2025-12-30 00:00:00-05:00;5.773.499.755.859.370;58.497.998.046.875;57.577.001.953.125;5.766.799.926.757.810;780900;00.00;00.00
2025-12-31 00:00:00-05:00;5.746.900.024.414.060;5.827.899.780.273.430;5.735.499.877.929.680;5.807.100.219.726.560;720200;00.00;00.00
2026-01-02 00:00:00-05:00;5.858.800.048.828.120;5.858.800.048.828.120;5.707.949.829.101.560;575.00.00;1514800;00.00;00.00
2026-01-05 00:00:00-05:00;582.25.00;6.092.000.122.070.310;5.798.699.951.171.870;5.933.900.146.484.370;2703400;00.00;00.00
2026-01-06 00:00:00-05:00;5.953.800.048.828.120;5.961.599.731.445.310;570.760.009.765.625;5.714.299.926.757.810;1989800;00.00;00.00
2026-01-07 00:00:00-05:00;570.00.00;5.802.000.122.070.310;566.00.00;5.696.199.951.171.870;1292200;00.00;00.00
2026-01-08 00:00:00-05:00;567.05.00;567.05.00;5.440.700.073.242.180;5.536.799.926.757.810;2781300;00.00;00.00
2026-01-09 00:00:00-05:00;5.535.800.170.898.430;554.344.970.703.125;5.361.300.048.828.120;5.393.699.951.171.870;3600700;00.00;00.00
2026-01-12 00:00:00-05:00;5.394.600.219.726.560;541.00.00;5.295.999.755.859.370;530.00.00;2144300;00.00;00.00
2026-01-13 00:00:00-05:00;5.367.100.219.726.560;540.00.00;5.271.699.829.101.560;5.346.400.146.484.370;3130800;00.00;00.00
2026-01-14 00:00:00-05:00;537.00.00;540.00.00;516.00.00;5.289.199.829.101.560;2353800;00.00;00.00
2026-01-15 00:00:00-05:00;5.423.499.755.859.370;5.485.499.877.929.680;50.542.999.267.578.100;5.080.400.085.449.210;5377900;00.00;00.00
2026-01-16 00:00:00-05:00;508.00.00;5.111.300.048.828.120;50.082.000.732.421.800;504.05.00;3711900;00.00;00.00
2026-01-20 00:00:00-05:00;504.260.009.765.625;51.497.998.046.875;5.035.400.085.449.210;5.113.299.865.722.650;2773700;00.00;00.00
2026-01-21 00:00:00-05:00;509.00.00;5.123.099.975.585.930;49.582.000.732.421.800;50.219.000.244.140.600;3528200;00.00;00.00
2026-01-22 00:00:00-05:00;505.05.00;5.062.569.885.253.900;49.129.998.779.296.800;4.986.400.146.484.370;2546500;00.00;00.00
2026-01-23 00:00:00-05:00;5.106.300.048.828.120;51.697.998.046.875;5.058.999.938.964.840;5.132.100.219.726.560;2900400;00.00;00.00
2026-01-26 00:00:00-05:00;51.602.001.953.125;520.00.00;51.170.001.220.703.100;5.125.999.755.859.370;1973400;00.00;00.00
2026-01-27 00:00:00-05:00;512.489.990.234.375;51.847.998.046.875;5.101.099.853.515.620;51.170.001.220.703.100;1680600;00.00;00.00
2026-01-28 00:00:00-05:00;5.123.400.268.554.680;5.190.150.146.484.370;5.071.260.070.800.780;50.870.001.220.703.100;1788200;00.00;00.00
2026-01-29 00:00:00-05:00;50.267.999.267.578.100;5.059.700.012.207.030;49.330.999.755.859.300;5.039.200.134.277.340;1996800;00.00;00.00
2026-01-30 00:00:00-05:00;50.967.999.267.578.100;5.151.199.951.171.870;4.981.199.951.171.870;5.003.500.061.035.150;1729800;00.00;00.00
2026-02-02 00:00:00-05:00;4.970.199.890.136.710;512.280.029.296.875;4.955.299.987.792.960;5.085.799.865.722.650;2018700;00.00;00.00
2026-02-03 00:00:00-05:00;504.75;50.745.001.220.703.100;464.239.990.234.375;473.989.990.234.375;4590000;00.00;00.00
2026-02-04 00:00:00-05:00;465.00.00;4.663.349.914.550.780;4.387.099.914.550.780;4.405.299.987.792.960;6821900;00.00;00.00
2026-02-05 00:00:00-05:00;4.368.800.048.828.120;440.00.00;405.00.00;412.75;6747400;00.00;00.00
2026-02-06 00:00:00-05:00;4.238.299.865.722.650;4.266.199.951.171.870;4.081.099.853.515.620;4.226.099.853.515.620;5534300;00.00;00.00
2026-02-09 00:00:00-05:00;43.082.000.732.421.800;4.319.880.065.917.960;4.102.099.914.550.780;4.148.399.963.378.900;4726400;00.00;00.00
2026-02-10 00:00:00-05:00;4.627.799.987.792.960;49.594.000.244.140.600;4.627.799.987.792.960;4.760.199.890.136.710;10859500;00.00;00.00
2026-02-11 00:00:00-05:00;4.897.349.853.515.620;5.048.299.865.722.650;4.802.860.107.421.870;4.871.700.134.277.340;5389200;00.00;00.00
2026-02-12 00:00:00-05:00;47.917.999.267.578.100;4.814.599.914.550.780;438.00.00;4.457.900.085.449.210;6899700;00.00;00.00
2026-02-13 00:00:00-05:00;448.510.009.765.625;462.00.00;4.432.900.085.449.210;4.583.399.963.378.900;3681900;00.00;00.00
2026-02-17 00:00:00-05:00;46.195.001.220.703.100;4.728.999.938.964.840;45.533.599.853.515.600;46.282.000.732.421.800;3247600;00.00;00.00
2026-02-18 00:00:00-05:00;4.693.299.865.722.650;4.872.300.109.863.280;460.00.00;4.775.799.865.722.650;3906500;00.00;00.00
2026-02-19 00:00:00-05:00;4.812.099.914.550.780;4.926.499.938.964.840;4.810.899.963.378.900;4.852.900.085.449.210;2498900;00.00;00.00
2026-02-20 00:00:00-05:00;4.853.299.865.722.650;4.975.199.890.136.710;4.816.700.134.277.340;4.906.000.061.035.150;2124300;00.00;00.00
2026-02-23 00:00:00-05:00;4.837.799.987.792.960;48.732.000.732.421.800;46.620.001.220.703.100;4.678.299.865.722.650;2051600;00.00;00.00
2026-02-24 00:00:00-05:00;462.05.00;4.818.299.865.722.650;454.00.00;4.656.600.036.621.090;2741600;00.00;00.00
2026-02-25 00:00:00-05:00;46.032.000.732.421.800;47.004.998.779.296.800;45.367.999.267.578.100;4.632.799.987.792.960;2399700;00.00;00.00
2026-02-26 00:00:00-05:00;469.00.00;498.989.990.234.375;46.404.998.779.296.800;4.956.499.938.964.840;3462800;00.00;00.00
2026-02-27 00:00:00-05:00;4.908.900.146.484.370;51.597.998.046.875;4.908.900.146.484.370;5.149.400.024.414.060;3986100;00.00;00.00
2026-03-02 00:00:00-05:00;5.053.500.061.035.150;5.170.900.268.554.680;4.988.999.938.964.840;5.072.799.987.792.960;1881100;00.00;00.00
2026-03-03 00:00:00-05:00;495.75;5.294.199.829.101.560;492.00.00;5.199.600.219.726.560;2759100;00.00;00.00
2026-03-04 00:00:00-05:00;52.297.998.046.875;5.434.099.731.445.310;5.210.900.268.554.680;5.340.900.268.554.680;3473100;00.00;00.00
2026-03-05 00:00:00-05:00;537.05.00;5.544.400.024.414.060;5.331.099.853.515.620;5.521.199.951.171.870;3139600;00.00;00.00
2026-03-06 00:00:00-05:00;552.00.00;5.684.000.244.140.620;545.00.00;5.651.900.024.414.060;2665600;00.00;00.00
2026-03-09 00:00:00-04:00;5.528.699.951.171.870;5.706.389.770.507.810;5.442.999.877.929.680;5.448.800.048.828.120;3045300;00.00;00.00
2026-03-10 00:00:00-04:00;5.470.700.073.242.180;5.470.700.073.242.180;528.656.005.859.375;530.260.009.765.625;1971500;00.00;00.00
2026-03-11 00:00:00-04:00;5.328.099.975.585.930;536.989.990.234.375;5.138.200.073.242.180;5.143.699.951.171.870;1909000;00.00;00.00
2026-03-12 00:00:00-04:00;521.00.00;528.00.00;508.00.00;5.095.899.963.378.900;1868800;00.00;00.00
2026-03-13 00:00:00-04:00;51.167.999.267.578.100;5.195.449.829.101.560;5.063.500.061.035.150;5.160.599.975.585.930;1165000;00.00;00.00
2026-03-16 00:00:00-04:00;5.129.299.926.757.810;5.276.599.731.445.310;5.123.699.951.171.870;524.00.00;1061000;00.00;00.00
2026-03-17 00:00:00-04:00;5.272.999.877.929.680;542.00.00;521.05.00;52.522.998.046.875;1272900;00.00;00.00
2026-03-18 00:00:00-04:00;52.222.998.046.875;5.274.199.829.101.560;5.136.300.048.828.120;516.719.970.703.125;1203200;00.00;00.00
2026-03-19 00:00:00-04:00;5.105.199.890.136.710;5.130.900.268.554.680;48.132.000.732.421.800;4.825.199.890.136.710;2722900;00.00;00.00
2026-03-20 00:00:00-04:00;4.793.800.048.828.120;4.857.900.085.449.210;4.687.900.085.449.210;4.745.400.085.449.210;2694900;00.00;00.00
2026-03-23 00:00:00-04:00;480.05.00;4.947.799.987.792.960;480.05.00;4.923.900.146.484.370;1870800;00.00;00.00
2026-03-24 00:00:00-04:00;4.870.400.085.449.210;4.971.300.048.828.120;4.727.099.914.550.780;4.848.500.061.035.150;1683600;00.00;00.00
2026-03-25 00:00:00-04:00;4.880.799.865.722.650;4.927.950.134.277.340;46.807.000.732.421.800;4.732.099.914.550.780;1712000;00.00;00.00
2026-03-26 00:00:00-04:00;4.683.900.146.484.370;485.05.00;4.661.000.061.035.150;47.817.999.267.578.100;1294500;00.00;00.00
2026-03-27 00:00:00-04:00;468.00.00;47.850.799.560.546.800;4.643.900.146.484.370;4.724.800.109.863.280;1023700;00.00;00.00
2026-03-30 00:00:00-04:00;4.720.199.890.136.710;48.065.399.169.921.800;4.662.699.890.136.710;475.00.00;1302100;00.00;00.00
2026-03-31 00:00:00-04:00;47.607.000.732.421.800;489.00.00;475.25.00;4.849.100.036.621.090;1150500;00.00;00.00
2026-04-01 00:00:00-04:00;4.841.099.853.515.620;4.851.499.938.964.840;4.645.400.085.449.210;470.010.009.765.625;1767200;00.00;00.00
2026-04-02 00:00:00-04:00;4.623.299.865.722.650;4.911.650.085.449.210;4.622.200.012.207.030;4.889.700.012.207.030;1550500;00.00;00.00
2026-04-06 00:00:00-04:00;48.367.999.267.578.100;48.895.001.220.703.100;478.00.00;4.844.800.109.863.280;1458000;00.00;00.00
2026-04-07 00:00:00-04:00;4.827.900.085.449.210;4.888.699.951.171.870;4.762.300.109.863.280;48.317.999.267.578.100;947000;00.00;00.00
2026-04-08 00:00:00-04:00;494.00.00;4.978.800.048.828.120;480.010.009.765.625;4.831.700.134.277.340;1311500;00.00;00.00
2026-04-09 00:00:00-04:00;48.957.000.732.421.800;49.194.000.244.140.600;4.773.299.865.722.650;4.866.199.951.171.870;1706600;00.00;00.00
2026-04-10 00:00:00-04:00;4.902.200.012.207.030;4.978.999.938.964.840;4.683.999.938.964.840;475.989.990.234.375;1577100;00.00;00.00
2026-04-13 00:00:00-04:00;4.783.599.853.515.620;50.445.001.220.703.100;4.760.199.890.136.710;5.041.000.061.035.150;1845000;00.00;00.00
2026-04-14 00:00:00-04:00;5.086.300.048.828.120;51.777.001.953.125;50.555.999.755.859.300;5.113.599.853.515.620;1085100;00.00;00.00
2026-04-15 00:00:00-04:00;5.169.000.244.140.620;5.377.999.877.929.680;514.00.00;5.311.699.829.101.560;2068800;00.00;00.00
2026-04-16 00:00:00-04:00;5.377.899.780.273.430;5.436.900.024.414.060;5.291.500.244.140.620;5.314.500.122.070.310;1578500;00.00;00.00
2026-04-17 00:00:00-04:00;5.321.300.048.828.120;539.405.029.296.875;5.225.700.073.242.180;5.366.099.853.515.620;1399600;00.00;00.00
2026-04-20 00:00:00-04:00;5.350.999.755.859.370;5.399.500.122.070.310;5.286.599.731.445.310;536.760.009.765.625;979800;00.00;00.00
2026-04-21 00:00:00-04:00;540.00.00;541.989.990.234.375;5.219.099.731.445.310;5.224.400.024.414.060;1637500;00.00;00.00
2026-04-22 00:00:00-04:00;523.25.00;527.00.00;508.00.00;5.228.800.048.828.120;1497800;00.00;00.00
2026-04-23 00:00:00-04:00;523.00.00;523.00.00;50.277.301.025.390.600;5.159.400.024.414.060;1628600;00.00;00.00
2026-04-24 00:00:00-04:00;513.00.00;521.00.00;50.654.998.779.296.800;518.00.00;1566200;00.00;00.00
2026-04-27 00:00:00-04:00;5.088.399.963.378.900;5.180.499.877.929.680;4.888.080.139.160.150;49.582.000.732.421.800;2782900;00.00;00.00
2026-04-28 00:00:00-04:00;445.00.00;44.879.998.779.296.800;4.205.299.987.792.960;43.420.001.220.703.100;9431000;00.00;00.00
2026-04-29 00:00:00-04:00;4.341.499.938.964.840;451.00.00;4.308.399.963.378.900;44.357.000.732.421.800;3583400;00.00;00.00
2026-04-30 00:00:00-04:00;43.669.000.244.140.600;4.485.899.963.378.900;433.00.00;44.654.998.779.296.800;2166100;00.00;00.00
2026-05-01 00:00:00-04:00;4.507.850.036.621.090;4.534.800.109.863.280;4.365.799.865.722.650;441.510.009.765.625;1438400;00.00;00.00
2026-05-04 00:00:00-04:00;437.75;4.441.780.090.332.030;4.335.799.865.722.650;438.260.009.765.625;1602800;00.00;00.00
2026-05-05 00:00:00-04:00;438.00.00;4.384.750.061.035.150;4.138.900.146.484.370;4.195.299.987.792.960;3825600;00.00;00.00
2026-05-06 00:00:00-04:00;4.185.400.085.449.210;4.267.099.914.550.780;411.239.990.234.375;425.25.00;3323100;00.00;00.00
2026-05-07 00:00:00-04:00;42.782.000.732.421.800;4.376.199.951.171.870;42.632.000.732.421.800;42.742.999.267.578.100;2464400;00.00;00.00
2026-05-08 00:00:00-04:00;4.261.600.036.621.090;4.274.800.109.863.280;416.260.009.765.625;4.178.299.865.722.650;1804000;00.00;00.00
2026-05-11 00:00:00-04:00;415.010.009.765.625;428.00.00;412.989.990.234.375;419.05.00;1965700;00.00;00.00
2026-05-12 00:00:00-04:00;42.254.998.779.296.800;441.00.00;4.206.470.031.738.280;432.75;1645700;00.00;00.00
2026-05-13 00:00:00-04:00;4.328.900.146.484.370;4.376.449.890.136.710;42.367.999.267.578.100;4.308.999.938.964.840;1972600;00.00;00.00
2026-05-14 00:00:00-04:00;4.331.199.951.171.870;4.408.699.951.171.870;4.250.199.890.136.710;4.325.400.085.449.210;1259100;00.00;00.00
2026-05-15 00:00:00-04:00;4.390.299.987.792.960;4.467.099.914.550.780;43.232.000.732.421.800;43.694.000.244.140.600;2063400;00.00;00.00
2026-05-18 00:00:00-04:00;434.00.00;454.281.005.859.375;431.989.990.234.375;445.010.009.765.625;1891900;00.00;00.00
2026-05-19 00:00:00-04:00;443.010.009.765.625;4.496.400.146.484.370;4.350.400.085.449.210;4.415.899.963.378.900;1890700;00.00;00.00
2026-05-20 00:00:00-04:00;4.384.800.109.863.280;4.397.699.890.136.710;4.304.800.109.863.280;43.332.000.732.421.800;1652900;00.00;00.00
2026-05-21 00:00:00-04:00;430.989.990.234.375;5.106.600.036.621.090;4.226.050.109.863.280;48.992.999.267.578.100;7301900;00.00;00.00
2026-05-22 00:00:00-04:00;50.529.998.779.296.800;534.00.00;50.529.998.779.296.800;5.198.599.853.515.620;5286500;00.00;00.00
2026-05-26 00:00:00-04:00;5.198.599.853.515.620;534.00.00;5.195.800.170.898.430;5.297.100.219.726.560;2629300;00.00;00.00
2026-05-27 00:00:00-04:00;5.283.200.073.242.180;5.301.300.048.828.120;5.121.699.829.101.560;5.128.300.170.898.430;1863700;00.00;00.00
2026-05-28 00:00:00-04:00;512.00.00;527.739.990.234.375;512.00.00;5.167.100.219.726.560;1884100;00.00;00.00
2026-05-29 00:00:00-04:00;515.00.00;5.196.699.829.101.560;4.953.999.938.964.840;49.767.999.267.578.100;3399100;00.00;00.00
2026-06-01 00:00:00-04:00;50.905.999.755.859.300;5.134.000.244.140.620;49.479.998.779.296.800;507.760.009.765.625;1653600;00.00;00.00
2026-06-02 00:00:00-04:00;5.022.799.987.792.960;5.067.099.914.550.780;491.00.00;501.05.00;1426600;00.00;00.00
2026-06-03 00:00:00-04:00;501.05.00;50.343.701.171.875;4.810.899.963.378.900;4.875.400.085.449.210;2013600;00.00;00.00
2026-06-04 00:00:00-04:00;494.489.990.234.375;507.260.009.765.625;4.894.100.036.621.090;4.935.799.865.722.650;1320000;00.00;00.00
2026-06-05 00:00:00-04:00;5.009.700.012.207.030;5.011.499.938.964.840;485.010.009.765.625;49.695.001.220.703.100;1784300;00.00;00.00
2026-06-08 00:00:00-04:00;4.964.599.914.550.780;5.152.000.122.070.310;493.75;5.031.300.048.828.120;1866100;00.00;00.00
2026-06-09 00:00:00-04:00;4.958.599.853.515.620;50.654.998.779.296.800;48.854.998.779.296.800;4.962.200.012.207.030;1635200;00.00;00.00
2026-06-10 00:00:00-04:00;4.908.599.853.515.620;513.00.00;48.720.001.220.703.100;5.031.000.061.035.150;2533400;00.00;00.00
2026-06-11 00:00:00-04:00;50.045.001.220.703.100;50.045.001.220.703.100;483.05.00;486.00.00;1861500;00.00;00.00
2026-06-12 00:00:00-04:00;4.840.799.865.722.650;4.891.000.061.035.150;4.709.150.085.449.210;482.00.00;1944000;00.00;00.00
2026-06-15 00:00:00-04:00;4.796.199.951.171.870;4.902.699.890.136.710;475.00.00;4.798.500.061.035.150;1775800;00.00;00.00
2026-06-16 00:00:00-04:00;47.770.001.220.703.100;4.810.150.146.484.370;46.219.000.244.140.600;46.980.999.755.859.300;1572500;00.00;00.00
2026-06-17 00:00:00-04:00;4.668.999.938.964.840;467.05.00;4.526.400.146.484.370;4.556.000.061.035.150;2068500;00.00;00.00
2026-06-18 00:00:00-04:00;4.516.600.036.621.090;4.727.200.012.207.030;4.505.799.865.722.650;4.680.799.865.722.650;2460500;00.00;00.00
2026-06-22 00:00:00-04:00;462.05.00;467.739.990.234.375;4.471.099.853.515.620;4.593.399.963.378.900;2278700;00.00;00.00
2026-06-23 00:00:00-04:00;4.625.199.890.136.710;4.696.499.938.964.840;4.545.799.865.722.650;455.05.00;1847200;00.00;00.00
2026-06-24 00:00:00-04:00;45.270.001.220.703.100;46.357.000.732.421.800;4.490.400.085.449.210;455.010.009.765.625;2122600;00.00;00.00
2026-06-25 00:00:00-04:00;4.517.699.890.136.710;454.00.00;4.404.100.036.621.090;4.412.099.914.550.780;1452300;00.00;00.00
2026-06-26 00:00:00-04:00;4.414.100.036.621.090;4.670.799.865.722.650;43.870.001.220.703.100;4.600.199.890.136.710;2309100;00.00;00.00
2026-06-29 00:00:00-04:00;4.657.900.085.449.210;4.756.400.146.484.370;4.605.400.085.449.210;4.622.900.085.449.210;1455500;00.00;00.00
2026-06-30 00:00:00-04:00;455.00.00;466.05.00;4.522.099.914.550.780;4.591.300.048.828.120;1634100;00.00;00.00
2026-07-01 00:00:00-04:00;4.683.399.963.378.900;4.809.200.134.277.340;462.989.990.234.375;4.724.800.109.863.280;1641600;00.00;00.00
2026-07-02 00:00:00-04:00;472.00.00;48.994.000.244.140.600;4.675.400.085.449.210;4.859.700.012.207.030;1723800;00.00;00.00
2026-07-06 00:00:00-04:00;48.005.999.755.859.300;486.00.00;4.744.800.109.863.280;483.010.009.765.625;1451000;00.00;00.00
2026-07-07 00:00:00-04:00;495.00.00;495.760.009.765.625;48.604.998.779.296.800;49.395.001.220.703.100;2067500;00.00;00.00
2026-07-08 00:00:00-04:00;4.874.100.036.621.090;4.910.150.146.484.370;4.821.499.938.964.840;4.852.200.012.207.030;1688000;00.00;00.00
2026-07-09 00:00:00-04:00;470.00.00;4.862.799.987.792.960;4.620.299.987.792.960;4.858.800.048.828.120;1776200;00.00;00.00
2026-07-10 00:00:00-04:00;486.00.00;4.933.900.146.484.370;4.767.099.914.550.780;4.797.699.890.136.710;934800;00.00;00.00
2026-07-13 00:00:00-04:00;4.869.700.012.207.030;491.989.990.234.375;476.739.990.234.375;4.798.399.963.378.900;952700;00.00;00.00
2026-07-14 00:00:00-04:00;474.75;4.866.300.048.828.120;4.725.400.085.449.210;48.105.999.755.859.300;1148900;00.00;00.00
2026-07-15 00:00:00-04:00;4.857.300.109.863.280;4.923.299.865.722.650;4.809.700.012.207.030;4.853.800.048.828.120;1095800;00.00;00.00
2026-07-16 00:00:00-04:00;4.902.300.109.863.280;490.989.990.234.375;4.724.049.987.792.960;4.760.799.865.722.650;1346500;00.00;00.00
2026-07-17 00:00:00-04:00;4.611.600.036.621.090;47.942.999.267.578.100;456.00.00;4.781.400.146.484.370;1740900;00.00;00.00
2026-07-20 00:00:00-04:00;4.846.499.938.964.840;49.618.499.755.859.300;4.804.700.012.207.030;49.232.000.732.421.800;1475700;00.00;00.00
2026-07-21 00:00:00-04:00;490.00.00;4.959.599.914.550.780;486.010.009.765.625;4.932.300.109.863.280;2835700;00.00;00.00
2026-07-22 00:00:00-04:00;490.00.00;4.932.099.914.550.780;4.741.600.036.621.090;4.741.600.036.621.090;1393100;00.00;00.00
2026-07-23 00:00:00-04:00;4.721.300.048.828.120;475.05.00;4.615.150.146.484.370;468.989.990.234.375;1440400;00.00;00.00
2026-07-24 00:00:00-04:00;475.00.00;48.755.999.755.859.300;471.489.990.234.375;4.826.600.036.621.090;1172400;00.00;00.00
2026-07-27 00:00:00-04:00;48.545.001.220.703.100;49.882.000.732.421.800;48.069.000.244.140.600;4.947.200.012.207.030;1392600;00.00;00.00
2026-07-28 00:00:00-04:00;49.569.000.244.140.600;51.397.998.046.875;49.454.998.779.296.800;51.155.999.755.859.300;2096800;00.00;00.00
2026-07-29 00:00:00-04:00;510.00.00;5.280.900.268.554.680;5.077.699.890.136.710;524.010.009.765.625;2361500;00.00;00.00
2026-07-30 00:00:00-04:00;50.907.000.732.421.800;522.905.029.296.875;5.057.569.885.253.900;5.226.099.853.515.620;2177100;00.00;00.00
2026-07-31 00:00:00-04:00;5.079.100.036.621.090;520.00.00;499.239.990.234.375;49.994.000.244.140.600;2296300;00.00;00.00
2026-08-03 00:00:00-04:00;50.744.000.244.140.600;5.123.099.975.585.930;483.489.990.234.375;4.863.299.865.722.650;3329000;00.00;00.00
2026-08-04 00:00:00-04:00;46.695.001.220.703.100;50.532.000.732.421.800;462.00.00;4.781.700.134.277.340;4857100;00.00;00.00
2026-08-05 00:00:00-04:00;48.857.000.732.421.800;508.00.00;4.821.700.134.277.340;4.822.300.109.863.280;2639500;00.00;00.00
2026-08-06 00:00:00-04:00;481.25.00;49.455.999.755.859.300;4.712.799.987.792.960;47.507.000.732.421.800;1629100;00.00;00.00
2026-08-07 00:00:00-04:00;47.694.000.244.140.600;494.260.009.765.625;4.755.199.890.136.710;4.881.400.146.484.370;1861600;00.00;00.00
2026-08-10 00:00:00-04:00;4.876.199.951.171.870;5.169.400.024.414.060;4.860.509.948.730.460;51.182.000.732.421.800;2133000;00.00;00.00
2026-08-11 00:00:00-04:00;5.103.399.963.378.900;5.157.000.122.070.310;497.00.00;501.00.00;1714700;00.00;00.00
2026-08-12 00:00:00-04:00;4.955.899.963.378.900;5.018.599.853.515.620;4.832.799.987.792.960;4.896.000.061.035.150;1569500;00.00;00.00
2026-08-13 00:00:00-04:00;4.859.200.134.277.340;4.995.199.890.136.710;4.834.599.914.550.780;498.239.990.234.375;1091600;00.00;00.00
2026-08-14 00:00:00-04:00;50.620.001.220.703.100;521.780.029.296.875;503.05.00;5.128.200.073.242.180;1366800;00.00;00.00
2026-08-17 00:00:00-04:00;5.119.200.134.277.340;515.739.990.234.375;4.905.299.987.792.960;4.924.700.012.207.030;1813700;00.00;00.00
2026-08-18 00:00:00-04:00;49.930.999.755.859.300;5.263.870.239.257.810;49.930.999.755.859.300;516.280.029.296.875;2443200;00.00;00.00
2026-08-19 00:00:00-04:00;522.00.00;5.418.699.951.171.870;52.089.501.953.125;5.333.699.951.171.870;2467900;00.00;00.00
2026-08-20 00:00:00-04:00;537.00.00;5.448.900.146.484.370;5.300.999.755.859.370;5.331.300.048.828.120;2284000;00.00;00.00
2026-08-21 00:00:00-04:00;533.219.970.703.125;540.219.970.703.125;5.240.759.887.695.310;533.719.970.703.125;1502200;00.00;00.00
2026-08-24 00:00:00-04:00;5.288.400.268.554.680;5.399.400.024.414.060;5.275.750.122.070.310;5.378.400.268.554.680;1351100;00.00;00.00
2026-08-25 00:00:00-04:00;5.326.199.951.171.870;554.25.00;532.00.00;5.525.700.073.242.180;1280800;00.00;00.00
2026-08-26 00:00:00-04:00;550.00.00;554.969.970.703.125;5.432.000.122.070.310;550.030.029.296.875;1250000;00.00;00.00
2026-08-27 00:00:00-04:00;5.403.300.170.898.430;5.451.300.048.828.120;52.322.998.046.875;527.25.00;1759500;00.00;00.00
2026-08-28 00:00:00-04:00;5.403.300.170.898.430;5.394.000.244.140.620;530.00.00;5.378.150.024.414.060;82014;00.00;00.00
